,PERSON_AGE,VEHICLE_ID,COLLISION_ID,PERSON_SEX_F,PERSON_SEX_M,PERSON_SEX_U,PERSON_TYPE_Bicyclist,PERSON_TYPE_Occupant,PERSON_TYPE_Other Motorized,PERSON_TYPE_Pedestrian,PED_LOCATION_Does Not Apply,PED_LOCATION_NAP,PED_LOCATION_Pedestrian/Bicyclist/Other Pedestrian Not at Intersection,PED_LOCATION_Pedestrian/Bicyclist/Other Pedestrian at Intersection,PED_LOCATION_Unknown,EJECTION_Ejected,EJECTION_NAP,EJECTION_Not Ejected,EJECTION_Partially Ejected,EJECTION_Trapped,PED_ROLE_Driver,PED_ROLE_In-Line Skater,PED_ROLE_Other,PED_ROLE_Passenger,PED_ROLE_Pedestrian,SAFETY_EQUIPMENT,BODILY_INJURY,CONTRIBUTING_FACTOR_2,CONTRIBUTING_FACTOR_1,COMPLAINT,EMOTIONAL_STATUS,POSITION_IN_VEHICLE,PED_ACTION,PERSON_ID,PERSON_INJURY
392,22.0,19990768.0,4414878,False,True,False,False,True,False,False,False,True,False,False,False,False,False,True,False,False,True,False,False,False,False,15,9,36,37,2,1,1,8,25494,0
218,95.0,0.0,4464892,False,True,False,False,False,False,True,False,False,True,False,False,False,True,False,False,False,False,False,False,False,True,10,5,26,28,2,1,7,3,28287,1
144,85.0,0.0,4436976,True,False,False,False,False,False,True,False,False,True,False,False,False,True,False,False,False,False,False,False,False,True,10,5,36,28,5,0,7,3,9170,1
354,41.0,19972391.0,4403484,False,True,False,False,True,False,False,False,True,False,False,False,False,False,True,False,False,True,False,False,False,False,15,11,36,37,17,1,1,8,25392,0
7,16.0,19830661.0,4383881,False,True,False,False,True,False,False,False,True,False,False,False,True,False,False,False,False,True,False,False,False,False,15,5,36,37,5,0,1,8,45307,1
188,43.0,0.0,4452278,False,True,False,False,False,False,True,False,False,False,True,False,False,True,False,False,False,False,False,False,False,True,10,8,32,28,2,1,7,0,3617,1
314,77.0,19826089.0,4382297,True,False,False,False,True,False,False,False,True,False,False,False,False,False,True,False,False,False,False,False,True,False,10,11,36,37,2,1,2,8,9233,0
171,45.0,20036958.0,4445781,False,True,False,False,True,False,False,False,True,False,False,False,True,False,False,False,False,True,False,False,False,False,7,5,36,37,8,0,8,8,22310,1
235,63.0,0.0,4472717,False,True,False,False,False,False,True,False,False,False,True,False,False,True,False,False,False,False,False,False,False,True,10,5,26,33,8,0,7,0,18168,1
420,52.0,19990910.0,4434230,True,False,False,False,True,False,False,False,True,False,False,False,False,False,True,False,False,True,False,False,False,False,10,1,36,37,2,1,1,8,12588,0
39,38.0,0.0,4399035,False,True,False,False,False,False,True,False,False,False,True,False,False,True,False,False,False,False,False,False,False,True,10,8,36,21,14,6,7,15,6415,1
491,41.0,19943252.0,4407854,False,True,False,False,True,False,False,False,True,False,False,False,False,False,True,False,False,True,False,False,False,False,9,11,36,37,2,1,1,8,37851,0
105,38.0,19959792.0,4422371,False,True,False,False,True,False,False,False,True,False,False,False,True,False,False,False,False,True,False,False,False,False,6,8,36,37,8,0,1,8,535,1
505,36.0,0.0,4412757,False,True,False,False,False,False,True,True,False,False,False,False,False,True,False,False,False,False,False,False,False,True,10,2,36,37,2,1,7,4,23088,0
52,64.0,19952403.0,4407509,False,True,False,False,False,True,False,False,True,False,False,False,False,False,True,False,False,True,False,False,False,False,11,2,36,37,8,0,7,8,32758,1
426,57.0,19866528.0,4400273,True,False,False,False,True,False,False,False,True,False,False,False,False,False,True,False,False,True,False,False,False,False,9,5,36,37,12,1,1,8,45063,0
428,21.0,20041179.0,4448027,False,True,False,True,False,False,False,False,True,False,False,False,False,False,False,True,False,True,False,False,False,False,11,10,36,37,9,1,7,8,42889,0
303,32.0,19852209.0,4391223,False,True,False,False,True,False,False,False,True,False,False,False,False,False,True,False,False,True,False,False,False,False,10,12,36,37,2,1,1,8,30757,0
409,57.0,19944775.0,4421615,False,True,False,True,False,False,False,False,True,False,False,False,False,False,True,False,False,True,False,False,False,False,8,4,36,37,10,1,7,8,16456,0
21,68.0,19858243.0,4392412,True,False,False,False,True,False,False,False,True,False,False,False,False,False,True,False,False,False,False,False,True,False,3,5,36,37,5,0,2,8,1451,1
385,33.0,19968653.0,4407353,True,False,False,True,False,False,False,False,True,False,False,False,False,False,True,False,False,True,False,False,False,False,15,4,36,37,2,1,7,8,31213,0
237,33.0,0.0,4470590,False,True,False,False,False,False,True,False,False,True,False,False,False,True,False,False,False,False,False,False,False,True,10,5,36,28,5,0,7,3,26572,1
319,36.0,19945958.0,4405217,True,False,False,False,True,False,False,False,True,False,False,False,False,False,True,False,False,False,False,False,True,False,10,1,36,37,18,1,2,8,37077,0
486,20.0,19847416.0,4391945,False,True,False,True,False,False,False,False,True,False,False,False,False,False,True,False,False,True,False,False,False,False,7,8,36,37,4,1,7,8,17046,0
456,31.0,20011153.0,4422208,True,False,False,False,True,False,False,False,True,False,False,False,False,False,True,False,False,False,False,False,True,False,15,1,36,37,2,1,4,8,13438,0
40,65.0,0.0,4399202,False,True,False,False,False,False,True,False,False,False,True,False,False,True,False,False,False,False,False,False,False,True,10,5,36,28,8,0,7,10,37202,1
142,39.0,20025479.0,4435874,False,True,False,False,True,False,False,False,True,False,False,False,False,False,False,False,True,True,False,False,False,False,3,8,36,37,8,6,1,8,19095,1
246,46.0,20104858.0,4476600,False,True,False,False,True,False,False,False,True,False,False,False,True,False,False,False,False,True,False,False,False,False,11,8,36,37,8,0,1,8,43605,1
280,40.0,19973705.0,4434651,True,False,False,False,True,False,False,False,True,False,False,False,False,False,True,False,False,True,False,False,False,False,9,1,36,37,2,1,1,8,7170,0
147,29.0,0.0,4438609,False,True,False,False,False,False,True,False,False,False,True,False,False,True,False,False,False,False,False,False,False,True,10,5,36,37,8,0,7,10,36891,1
418,40.0,20036346.0,4445668,False,True,False,True,False,False,False,False,True,False,False,False,False,False,True,False,False,True,False,False,False,False,11,4,36,37,2,1,7,8,17745,0
243,24.0,20102048.0,4473468,True,False,False,False,True,False,False,False,True,False,False,False,False,False,True,False,False,True,False,False,False,False,11,5,36,37,5,6,1,8,5096,1
12,23.0,19834145.0,4385852,False,True,False,False,True,False,False,False,True,False,False,False,False,False,True,False,False,False,False,False,True,False,3,5,36,37,8,0,2,8,43149,1
92,30.0,20047642.0,4419561,False,True,False,False,True,False,False,False,True,False,False,False,False,False,True,False,False,True,False,False,False,False,15,5,36,37,5,6,1,8,12207,1
403,34.0,20009215.0,4411046,False,True,False,False,True,False,False,False,True,False,False,False,False,False,True,False,False,True,False,False,False,False,10,10,36,37,4,1,1,8,20444,0
295,42.0,19858901.0,4396834,False,True,False,False,True,False,False,False,True,False,False,False,True,False,False,False,False,True,False,False,False,False,11,10,36,37,7,1,1,8,38047,0
372,53.0,0.0,4473365,False,True,False,False,False,False,True,False,False,True,False,False,False,True,False,False,False,False,False,False,False,True,10,4,36,21,2,1,7,10,23677,0
207,38.0,0.0,4461668,False,True,False,False,False,False,True,False,False,True,False,False,False,True,False,False,False,False,False,False,False,True,10,5,36,28,8,0,7,3,15080,1
150,27.0,20022909.0,4439505,False,True,False,False,False,True,False,False,True,False,False,False,True,False,False,False,False,True,False,False,False,False,11,8,36,37,8,6,7,8,1365,1
306,39.0,0.0,4381350,False,True,False,False,False,False,True,False,False,False,True,False,False,True,False,False,False,False,False,False,False,True,10,0,36,37,12,1,7,1,34202,0
115,57.0,0.0,4426252,True,False,False,False,False,False,True,False,False,False,True,False,False,True,False,False,False,False,False,False,False,True,10,2,36,37,8,0,7,15,27818,1
102,54.0,0.0,4421901,True,False,False,False,False,False,True,False,False,False,True,False,False,True,False,False,False,False,False,False,False,True,10,8,36,37,8,6,7,15,38266,1
480,59.0,19990183.0,4433123,False,True,False,False,True,False,False,False,True,False,False,False,False,False,True,False,False,False,False,False,True,False,11,1,36,37,2,1,6,8,3061,0
42,61.0,0.0,4401009,False,True,False,False,False,False,True,False,False,False,True,False,False,True,False,False,False,False,False,False,False,True,10,5,32,28,8,6,7,0,18006,1
35,58.0,19947565.0,4397845,False,True,False,False,True,False,False,False,True,False,False,False,True,False,False,False,False,True,False,False,False,False,6,8,36,37,5,0,1,8,3050,1
183,69.0,0.0,4451303,True,False,False,False,False,False,True,False,False,False,True,False,False,True,False,False,False,False,False,False,False,True,10,8,36,37,8,6,7,1,11306,1
174,27.0,20041021.0,4447613,False,True,False,False,True,False,False,False,True,False,False,False,True,False,False,False,False,True,False,False,False,False,0,5,36,37,8,6,1,8,41594,1
294,29.0,0.0,4453844,False,True,False,False,False,False,True,False,False,False,True,False,False,True,False,False,False,False,False,False,False,True,10,11,36,37,2,1,7,1,32047,0
156,43.0,0.0,4440770,False,True,False,False,False,False,True,False,False,True,False,False,False,True,False,False,False,False,False,False,False,True,10,0,36,28,5,0,7,10,23778,1
253,50.0,19976169.0,4425123,False,True,False,False,True,False,False,False,True,False,False,False,False,False,True,False,False,True,False,False,False,False,10,7,36,37,12,1,1,8,32835,0
173,29.0,20040624.0,4447625,False,True,False,False,False,True,False,False,True,False,False,False,True,False,False,False,False,True,False,False,False,False,11,5,36,37,8,0,7,8,4236,1
313,56.0,19987665.0,4427976,False,True,False,False,True,False,False,False,True,False,False,False,False,False,True,False,False,True,False,False,False,False,10,1,36,37,2,1,1,8,43365,0
122,25.0,19986169.0,4430850,False,True,False,False,True,False,False,False,True,False,False,False,False,False,True,False,False,False,False,False,True,False,6,5,36,37,5,0,4,8,14420,1
337,20.0,19964580.0,4425175,False,True,False,True,False,False,False,False,True,False,False,False,True,False,False,False,False,True,False,False,False,False,15,1,36,37,16,1,7,8,36211,0
304,66.0,20106516.0,4477118,False,True,False,False,True,False,False,False,True,False,False,False,False,False,True,False,False,True,False,False,False,False,10,1,36,37,2,1,1,8,27151,0
435,60.0,0.0,4403658,False,True,False,False,False,False,True,False,False,False,True,False,False,True,False,False,False,False,False,False,False,True,10,1,36,37,2,1,7,1,19722,0
497,54.0,19867761.0,4400883,False,True,False,True,False,False,False,False,True,False,False,False,False,False,True,False,False,True,False,False,False,False,11,1,36,37,5,5,7,8,8595,0
322,25.0,20055667.0,4453054,False,True,False,False,True,False,False,False,True,False,False,False,True,False,False,False,False,True,False,False,False,False,11,10,36,37,7,5,1,8,39615,0
212,39.0,20075565.0,4463262,False,True,False,False,False,True,False,False,True,False,False,False,True,False,False,False,False,True,False,False,False,False,11,8,36,37,14,0,7,8,33290,1
118,47.0,20016563.0,4432163,False,True,False,False,True,False,False,False,True,False,False,False,False,False,True,False,False,True,False,False,False,False,3,5,36,37,5,0,1,8,9584,1
227,56.0,20085675.0,4467747,False,True,False,True,False,False,False,False,True,False,False,False,False,False,True,False,False,True,False,False,False,False,11,5,36,37,8,0,7,8,35635,1
111,36.0,19975002.0,4426253,False,True,False,False,True,False,False,False,True,False,False,False,True,False,False,False,False,True,False,False,False,False,6,0,36,37,16,0,1,8,22604,1
29,75.0,0.0,4395993,False,True,False,False,False,False,True,False,False,True,False,False,False,True,False,False,False,False,False,False,False,True,10,8,26,28,8,0,7,3,25785,1
503,37.0,19981533.0,4415260,False,True,False,True,False,False,False,False,True,False,False,False,False,False,True,False,False,True,False,False,False,False,11,8,36,37,2,1,7,8,36538,0
238,2.0,0.0,4470595,True,False,False,False,False,False,True,False,False,True,False,False,False,True,False,False,False,False,False,False,False,True,10,5,36,37,8,0,7,5,1945,1
415,21.0,20030256.0,4442812,True,False,False,False,True,False,False,False,True,False,False,False,False,False,True,False,False,True,False,False,False,False,9,10,36,37,12,1,1,8,10066,0
305,34.0,19862156.0,4398348,False,True,False,False,True,False,False,False,True,False,False,False,False,False,True,False,False,False,False,False,True,False,4,13,36,37,17,1,6,8,2983,0
83,29.0,19984659.0,4417621,False,True,False,False,True,False,False,False,True,False,False,False,True,False,False,False,False,True,False,False,False,False,11,8,36,37,8,6,1,8,37364,1
141,52.0,20098423.0,4437506,False,True,False,False,True,False,False,False,True,False,False,False,False,False,True,False,False,True,False,False,False,False,0,5,36,37,2,6,1,8,35448,1
471,25.0,19956790.0,4415802,True,False,False,False,True,False,False,False,True,False,False,False,False,False,True,False,False,True,False,False,False,False,10,0,36,37,2,1,1,8,9108,0
24,73.0,0.0,4393349,True,False,False,False,False,False,True,False,False,True,False,False,False,True,False,False,False,False,False,False,False,True,10,8,36,28,12,0,7,13,22588,1
211,16.0,20102931.0,4464370,False,True,False,False,True,False,False,False,True,False,False,False,False,False,True,False,False,False,False,False,True,False,15,2,36,37,8,0,9,8,23104,1
468,64.0,20014706.0,4435688,False,True,False,True,False,False,False,False,True,False,False,False,False,False,True,False,False,True,False,False,False,False,11,10,36,37,2,1,7,8,12619,0
116,57.0,20077708.0,4427132,False,True,False,False,True,False,False,False,True,False,False,False,False,False,True,False,False,True,False,False,False,False,10,13,36,37,17,0,1,8,22940,1
68,77.0,0.0,4410392,True,False,False,False,False,False,True,False,False,False,True,False,False,True,False,False,False,False,False,False,False,True,10,8,36,37,8,0,7,1,2450,1
0,57.0,19822030.0,4380776,False,True,False,False,True,False,False,False,True,False,False,False,False,False,False,False,True,False,False,False,True,False,3,5,36,37,8,0,2,8,3215,1
297,26.0,19996862.0,4420370,False,True,False,False,True,False,False,False,True,False,False,False,False,False,True,False,False,True,False,False,False,False,10,11,36,37,2,1,1,8,38169,0
244,58.0,20099711.0,4474072,False,True,False,True,False,False,False,False,True,False,False,False,False,False,True,False,False,True,False,False,False,False,8,5,36,37,5,0,7,8,12237,1
146,34.0,20018875.0,4437642,False,False,True,False,True,False,False,False,True,False,False,False,False,False,True,False,False,True,False,False,False,False,15,5,36,37,5,0,1,8,1864,1
56,57.0,19953875.0,4407071,False,True,False,False,True,False,False,False,True,False,False,False,False,False,True,False,False,True,False,False,False,False,15,13,36,37,17,6,1,8,9875,1
315,28.0,19838397.0,4387843,False,True,False,False,True,False,False,False,True,False,False,False,False,False,True,False,False,True,False,False,False,False,10,4,36,37,4,1,1,8,8289,0
396,33.0,20087317.0,4468386,True,False,False,False,True,False,False,False,True,False,False,False,False,False,True,False,False,True,False,False,False,False,10,2,36,37,2,1,1,8,3891,0
441,28.0,20097520.0,4472989,False,True,False,False,True,False,False,False,True,False,False,False,False,False,True,False,False,False,False,False,True,False,15,12,36,37,12,1,0,8,13063,0
19,54.0,0.0,4392150,True,False,False,False,False,False,True,True,False,False,False,False,False,True,False,False,False,False,False,False,False,True,10,8,36,37,14,0,7,9,1778,1
289,53.0,19994540.0,4415413,True,False,False,False,True,False,False,False,True,False,False,False,False,False,True,False,False,True,False,False,False,False,10,1,36,37,2,1,1,8,9812,0
340,28.0,19960776.0,4428886,False,True,False,True,False,False,False,False,True,False,False,False,False,False,True,False,False,True,False,False,False,False,11,11,36,37,0,1,7,8,2989,0
256,42.0,19972997.0,4404445,False,True,False,False,True,False,False,False,True,False,False,False,False,False,True,False,False,False,False,False,True,False,10,8,36,37,2,1,2,8,11242,0
177,23.0,20065283.0,4451296,False,True,False,False,True,False,False,False,True,False,False,False,True,False,False,False,False,True,False,False,False,False,11,8,36,37,8,6,1,8,13332,1
320,41.0,19867587.0,4400807,False,True,False,False,True,False,False,False,True,False,False,False,False,False,True,False,False,True,False,False,False,False,10,11,36,37,2,1,1,8,1699,0
196,28.0,20063710.0,4457900,False,True,False,True,False,False,False,False,True,False,False,False,True,False,False,False,False,True,False,False,False,False,11,8,36,37,8,0,7,8,24385,1
402,43.0,20033869.0,4444636,False,True,False,False,True,False,False,False,True,False,False,False,False,False,True,False,False,True,False,False,False,False,10,11,36,37,18,1,1,8,18833,0
88,22.0,19986231.0,4419608,True,False,False,False,True,False,False,False,True,False,False,False,False,False,False,False,True,False,False,False,True,False,0,8,36,37,8,0,2,8,33054,1
447,19.0,0.0,4460294,True,False,False,False,False,False,True,False,False,False,True,False,False,True,False,False,False,False,False,False,False,True,10,10,36,37,2,1,7,1,26519,0
406,65.0,19973417.0,4430532,True,False,False,False,True,False,False,False,True,False,False,False,False,False,True,False,False,False,False,False,True,False,10,1,36,37,12,1,2,8,36076,0
101,39.0,0.0,4422372,True,False,False,False,False,False,True,False,False,False,True,False,False,True,False,False,False,False,False,False,False,True,10,5,36,37,5,0,7,1,31036,1
106,70.0,0.0,4422373,False,True,False,False,False,False,True,False,False,True,False,False,False,True,False,False,False,False,False,False,False,True,10,8,36,37,8,0,7,15,18246,1
494,5.0,20081331.0,4465932,False,True,False,False,True,False,False,False,True,False,False,False,False,False,True,False,False,False,False,False,True,False,10,8,36,37,2,1,9,8,45550,0
63,39.0,0.0,4408961,False,True,False,False,False,False,True,False,False,True,False,False,False,True,False,False,False,False,False,False,False,True,10,8,36,37,5,0,7,9,12223,1
358,21.0,0.0,4456220,False,False,True,False,False,False,True,False,False,False,True,False,False,True,False,False,False,False,False,False,False,True,10,7,36,28,0,1,7,3,18595,0
214,81.0,0.0,4464559,True,False,False,False,False,False,True,False,False,False,True,False,False,True,False,False,False,False,False,False,False,True,10,11,36,37,7,0,7,1,45664,1
242,34.0,20098697.0,4473668,False,True,False,False,True,False,False,False,True,False,False,False,False,False,True,False,False,False,False,False,True,False,3,2,36,37,8,0,9,8,45607,1
145,70.0,0.0,4446308,True,False,False,False,False,False,True,False,False,True,False,False,False,True,False,False,False,False,False,False,False,True,10,8,36,37,8,6,7,9,45426,1
453,45.0,20073778.0,4462347,False,True,False,False,True,False,False,False,True,False,False,False,False,False,True,False,False,True,False,False,False,False,10,2,36,37,2,1,1,8,8952,0
495,61.0,20009924.0,4419243,True,False,False,False,True,False,False,False,True,False,False,False,False,False,True,False,False,False,False,False,True,False,10,12,36,37,2,1,2,8,26590,0
502,39.0,20065108.0,4458509,True,False,False,False,True,False,False,False,True,False,False,False,False,False,True,False,False,False,False,False,True,False,11,1,36,37,18,1,9,8,44291,0
23,45.0,0.0,4393789,False,True,False,False,False,False,True,False,False,False,True,False,False,True,False,False,False,False,False,False,False,True,10,8,36,37,8,6,7,0,1797,1
137,42.0,20013939.0,4435311,False,True,False,False,True,False,False,False,True,False,False,False,True,False,False,False,False,True,False,False,False,False,6,8,36,37,8,0,1,8,3908,1
277,48.0,20024715.0,4440177,True,False,False,True,False,False,False,False,True,False,False,False,False,False,False,True,False,True,False,False,False,False,15,1,36,37,2,1,7,8,23800,0
162,31.0,20053943.0,4442673,False,True,False,False,True,False,False,False,True,False,False,False,True,False,False,False,False,True,False,False,False,False,11,8,36,37,8,0,1,8,17554,1
155,52.0,0.0,4440769,False,True,False,False,False,False,True,False,False,True,False,False,False,True,False,False,False,False,False,False,False,True,10,8,36,28,8,0,7,10,19805,1
330,33.0,0.0,4390315,True,False,False,False,False,False,True,True,False,False,False,False,False,True,False,False,False,False,False,False,False,True,10,10,36,37,2,1,7,4,6920,0
81,50.0,0.0,4417575,False,True,False,False,False,False,True,False,False,False,True,False,False,True,False,False,False,False,False,False,False,True,10,5,36,37,14,0,7,1,44253,1
405,24.0,19987853.0,4420611,True,False,False,False,True,False,False,False,True,False,False,False,False,False,True,False,False,False,False,False,True,False,10,8,36,37,2,1,4,8,13318,0
247,78.0,0.0,4476053,True,False,False,False,False,False,True,False,False,True,False,False,False,True,False,False,False,False,False,False,False,True,10,2,36,28,8,0,7,3,17967,1
267,34.0,19950529.0,4402084,True,False,False,False,True,False,False,False,True,False,False,False,False,False,True,False,False,True,False,False,False,False,10,5,36,37,2,1,1,8,38615,0
176,18.0,20053433.0,4449820,True,False,False,False,True,False,False,False,True,False,False,False,False,False,True,False,False,True,False,False,False,False,0,5,36,37,5,0,1,8,44632,1
269,9.0,19996036.0,4417205,True,False,False,False,True,False,False,False,True,False,False,False,False,False,True,False,False,False,False,False,True,False,15,11,36,37,2,1,4,8,2083,0
394,41.0,20066627.0,4459183,True,False,False,False,True,False,False,False,True,False,False,False,False,False,True,False,False,False,False,False,True,False,10,4,36,37,2,1,2,8,32471,0
94,82.0,0.0,4419568,True,False,False,False,False,False,True,False,False,False,True,False,False,True,False,False,False,False,False,False,False,True,10,8,36,37,8,6,7,15,13933,1
226,66.0,20103622.0,4467708,False,True,False,False,True,False,False,False,True,False,False,False,False,False,True,False,False,True,False,False,False,False,10,13,36,37,17,6,1,8,42157,1
361,25.0,19947242.0,4412445,True,False,False,False,True,False,False,False,True,False,False,False,False,False,True,False,False,True,False,False,False,False,15,9,36,37,2,1,10,8,44385,0
41,52.0,19952714.0,4399845,False,True,False,False,True,False,False,False,True,False,False,False,False,False,True,False,False,True,False,False,False,False,9,3,36,37,6,2,1,8,28358,1
466,1.0,20041628.0,4447886,True,False,False,False,True,False,False,False,True,False,False,False,False,False,True,False,False,False,False,False,True,False,1,13,36,37,12,1,4,8,20530,0
369,59.0,19964250.0,4407506,False,True,False,False,True,False,False,False,True,False,False,False,False,False,True,False,False,True,False,False,False,False,10,1,36,37,2,1,1,8,18906,0
487,22.0,19952703.0,4403258,True,False,False,False,True,False,False,False,True,False,False,False,False,False,True,False,False,True,False,False,False,False,10,1,36,37,2,1,1,8,10687,0
461,16.0,19864070.0,4399018,True,False,False,False,True,False,False,False,True,False,False,False,False,False,True,False,False,False,False,False,True,False,15,1,36,37,12,1,2,8,12296,0
363,51.0,19835162.0,4386448,False,True,False,False,True,False,False,False,True,False,False,False,False,False,True,False,False,True,False,False,False,False,15,11,36,37,2,1,1,8,41063,0
324,62.0,20053933.0,4453710,False,True,False,False,True,False,False,False,True,False,False,False,False,False,True,False,False,True,False,False,False,False,10,1,36,37,2,1,1,8,38540,0
36,42.0,19949654.0,4397849,False,True,False,False,True,False,False,False,True,False,False,False,True,False,False,False,False,True,False,False,False,False,6,8,36,37,5,6,8,8,12297,1
467,35.0,20026124.0,4441218,True,False,False,False,True,False,False,False,True,False,False,False,False,False,True,False,False,True,False,False,False,False,3,8,36,37,2,1,1,8,4126,0
292,28.0,19858427.0,4396749,True,False,False,False,True,False,False,False,True,False,False,False,False,False,True,False,False,True,False,False,False,False,10,11,36,37,12,1,1,8,28270,0
192,19.0,20074957.0,4454785,False,True,False,False,True,False,False,False,True,False,False,False,False,False,True,False,False,False,False,False,True,False,11,13,36,37,17,0,9,8,30388,1
333,17.0,20035375.0,4445163,True,False,False,False,True,False,False,False,True,False,False,False,False,False,True,False,False,True,False,False,False,False,15,5,36,37,2,1,1,8,6970,0
38,55.0,0.0,4399201,False,True,False,False,False,False,True,False,False,False,True,False,False,True,False,False,False,False,False,False,False,True,10,8,36,37,8,6,7,1,22749,1
175,90.0,0.0,4448651,True,False,False,False,False,False,True,False,False,False,True,False,False,True,False,False,False,False,False,False,False,True,10,8,36,37,14,0,7,1,10849,1
451,21.0,20011038.0,4427716,False,True,False,False,True,False,False,False,True,False,False,False,False,False,True,False,False,False,False,False,True,False,15,11,36,37,2,1,2,8,27791,0
1,60.0,19822030.0,4380776,True,False,False,False,True,False,False,False,True,False,False,False,False,False,False,False,True,True,False,False,False,False,3,5,36,37,8,0,1,8,15651,1
270,40.0,19989688.0,4412974,False,True,False,False,True,False,False,False,True,False,False,False,False,False,True,False,False,True,False,False,False,False,10,5,36,37,2,1,1,8,17911,0
62,81.0,0.0,4410382,True,False,False,False,False,False,True,False,False,False,True,False,False,True,False,False,False,False,False,False,False,True,10,8,36,37,9,6,7,1,967,1
179,6.0,0.0,4450585,True,False,False,False,False,False,True,False,False,False,True,False,False,True,False,False,False,False,False,False,False,True,10,5,36,37,5,0,7,1,33743,1
117,53.0,20006251.0,4426623,False,True,False,False,True,False,False,False,True,False,False,False,False,False,True,False,False,True,False,False,False,False,10,8,36,37,8,6,1,8,6575,1
50,97.0,0.0,4405393,False,True,False,False,False,False,True,False,False,True,False,False,False,True,False,False,False,False,False,False,False,True,10,2,36,37,8,4,7,9,13796,1
458,41.0,20096848.0,4472780,True,False,False,False,True,False,False,False,True,False,False,False,False,False,True,False,False,True,False,False,False,False,9,5,36,37,2,1,1,8,18705,0
450,21.0,20040790.0,4447721,False,True,False,False,True,False,False,False,True,False,False,False,False,False,True,False,False,True,False,False,False,False,10,4,36,37,2,1,1,8,43576,0
169,20.0,0.0,4445443,True,False,False,False,False,False,True,False,False,True,False,False,False,True,False,False,False,False,False,False,False,True,10,8,36,37,8,0,7,9,992,1
380,37.0,19863607.0,4399130,False,True,False,True,False,False,False,False,True,False,False,False,True,False,False,False,False,True,False,False,False,False,11,8,36,37,9,1,7,8,3430,0
236,43.0,0.0,4470592,False,True,False,False,False,False,True,False,False,True,False,False,False,True,False,False,False,False,False,False,False,True,10,8,36,28,14,0,7,10,43072,1
284,53.0,20087420.0,4468456,True,False,False,False,True,False,False,False,True,False,False,False,False,False,True,False,False,False,False,False,True,False,10,1,36,37,2,1,2,8,48,0
234,51.0,20103301.0,4469899,False,True,False,False,True,False,False,False,True,False,False,False,True,False,False,False,False,True,False,False,False,False,6,0,36,37,8,6,1,8,36932,1
213,32.0,20082542.0,4463263,False,True,False,False,True,False,False,False,True,False,False,False,True,False,False,False,False,True,False,False,False,False,6,8,36,37,8,6,1,8,24657,1
228,42.0,20086158.0,4468191,False,True,False,False,True,False,False,False,True,False,False,False,False,False,True,False,False,True,False,False,False,False,3,5,36,37,8,0,1,8,33778,1
239,58.0,0.0,4472056,False,True,False,False,False,False,True,False,False,True,False,False,False,True,False,False,False,False,False,False,False,True,10,8,36,28,5,0,7,10,45074,1
113,18.0,19990945.0,4426256,False,True,False,False,True,False,False,False,True,False,False,False,False,False,True,False,False,False,False,False,True,False,11,8,36,37,16,6,9,8,21785,1
6,74.0,20077856.0,4382929,False,True,False,False,True,False,False,False,True,False,False,False,False,False,True,False,False,True,False,False,False,False,15,13,36,37,8,6,1,8,15245,1
343,59.0,19967319.0,4407410,False,True,False,False,True,False,False,False,True,False,False,False,False,False,True,False,False,True,False,False,False,False,11,10,36,37,0,1,1,8,19337,0
470,38.0,19978443.0,4416266,False,True,False,False,True,False,False,False,True,False,False,False,False,False,True,False,False,True,False,False,False,False,10,11,36,37,2,1,1,8,28334,0
500,22.0,19998582.0,4405789,True,False,False,False,True,False,False,False,True,False,False,False,False,False,True,False,False,True,False,False,False,False,10,11,36,37,2,1,1,8,8658,0
34,61.0,0.0,4397262,True,False,False,False,False,False,True,False,False,False,True,False,False,True,False,False,False,False,False,False,False,True,10,5,36,37,8,0,7,2,36688,1
199,56.0,20064678.0,4458131,False,True,False,False,True,False,False,False,True,False,False,False,True,False,False,False,False,True,False,False,False,False,6,8,36,37,8,6,1,8,29967,1
331,25.0,19971529.0,4417124,True,False,False,False,True,False,False,False,True,False,False,False,False,False,True,False,False,True,False,False,False,False,10,8,36,37,2,1,1,8,16600,0
326,42.0,20097931.0,4473500,True,False,False,False,True,False,False,False,True,False,False,False,False,False,True,False,False,True,False,False,False,False,10,1,36,37,12,1,1,8,5623,0
231,27.0,0.0,4468965,True,False,False,False,False,False,True,False,False,True,False,False,False,True,False,False,False,False,False,False,False,True,10,8,36,28,8,6,7,3,20822,1
266,67.0,0.0,4436098,False,True,False,False,False,False,True,False,False,True,False,False,False,True,False,False,False,False,False,False,False,True,10,8,36,37,9,1,7,10,45576,0
492,27.0,20010864.0,4419581,False,True,False,False,True,False,False,False,True,False,False,False,False,False,True,False,False,True,False,False,False,False,10,1,36,37,12,1,1,8,26307,0
473,30.0,20001102.0,4423802,True,False,False,False,True,False,False,False,True,False,False,False,False,False,True,False,False,True,False,False,False,False,15,11,36,37,12,1,1,8,32904,0
33,31.0,19858524.0,4396626,True,False,False,False,True,False,False,False,True,False,False,False,False,False,True,False,False,True,False,False,False,False,11,8,36,37,8,0,1,8,19620,1
334,58.0,19989004.0,4408207,True,False,False,False,True,False,False,False,True,False,False,False,False,False,True,False,False,False,False,False,True,False,10,2,36,37,2,1,2,8,7469,0
64,23.0,19962360.0,4409176,False,True,False,False,True,False,False,False,True,False,False,False,False,False,True,False,False,False,False,False,True,False,3,2,36,37,8,0,2,8,5343,1
136,54.0,0.0,4435313,False,True,False,False,False,False,True,False,False,True,False,False,False,True,False,False,False,False,False,False,False,True,10,8,36,37,8,0,7,0,4112,1
72,43.0,0.0,4411011,False,True,False,False,False,False,True,False,False,True,False,False,False,True,False,False,False,False,False,False,False,True,10,5,36,37,8,0,7,10,24295,1
291,49.0,0.0,4400909,True,False,False,False,False,False,True,False,False,False,True,False,False,True,False,False,False,False,False,False,False,True,10,10,36,37,8,1,7,1,22904,0
355,63.0,19943675.0,4400415,False,True,False,False,True,False,False,False,True,False,False,False,False,False,True,False,False,True,False,False,False,False,10,2,36,37,2,7,1,8,16681,0
387,22.0,20064239.0,4457887,False,True,False,False,True,False,False,False,True,False,False,False,False,False,True,False,False,False,False,False,True,False,10,1,36,37,2,1,4,8,15565,0
51,59.0,0.0,4406375,False,True,False,False,False,False,True,False,False,True,False,False,False,True,False,False,False,False,False,False,False,True,10,5,36,37,17,6,7,9,28070,1
70,35.0,19969497.0,4411521,False,True,False,False,True,False,False,False,True,False,False,False,True,False,False,False,False,True,False,False,False,False,6,8,36,37,14,0,1,8,44369,1
272,41.0,0.0,4453212,True,False,False,False,False,False,True,False,False,False,True,False,False,True,False,False,False,False,False,False,False,True,10,11,36,37,4,1,7,1,7045,0
99,69.0,0.0,4420918,True,False,False,False,False,False,True,False,False,True,False,False,False,True,False,False,False,False,False,False,False,True,10,5,36,37,12,1,7,2,18024,1
58,18.0,19947157.0,4407693,True,False,False,False,True,False,False,False,True,False,False,False,False,False,False,True,False,False,False,False,True,False,11,8,36,37,5,0,4,8,37063,1
75,62.0,0.0,4412948,True,False,False,False,False,False,True,False,False,False,True,False,False,True,False,False,False,False,False,False,False,True,10,8,26,33,14,0,7,0,43322,1
49,95.0,19960804.0,4404594,True,False,False,False,True,False,False,False,True,False,False,False,False,False,True,False,False,False,False,False,True,False,15,2,36,37,8,0,6,8,6781,1
69,23.0,0.0,4410383,False,True,False,False,False,False,True,False,False,True,False,False,False,True,False,False,False,False,False,False,False,True,10,8,36,37,5,0,7,10,30687,1
489,41.0,20005671.0,4432645,False,True,False,True,False,False,False,False,True,False,False,False,False,False,True,False,False,True,False,False,False,False,7,5,36,37,5,1,7,8,15367,0
74,33.0,19992731.0,4413106,False,True,False,False,True,False,False,False,True,False,False,False,True,False,False,False,False,True,False,False,False,False,11,8,36,37,3,6,1,8,27077,1
4,26.0,19844355.0,4390593,False,True,False,True,False,False,False,False,True,False,False,False,False,False,True,False,False,True,False,False,False,False,6,0,36,37,8,0,7,8,32695,1
414,20.0,20025876.0,4440583,False,True,False,False,True,False,False,False,True,False,False,False,False,False,True,False,False,True,False,False,False,False,15,11,36,37,18,1,1,8,23359,0
350,42.0,20003347.0,4433452,False,True,False,False,True,False,False,False,True,False,False,False,False,False,True,False,False,True,False,False,False,False,10,11,36,37,18,1,1,8,11487,0
475,58.0,0.0,4460959,False,True,False,False,False,False,True,False,False,True,False,False,False,True,False,False,False,False,False,False,False,True,10,1,36,28,2,1,7,3,27842,0
434,54.0,20005771.0,4433140,True,False,False,False,True,False,False,False,True,False,False,False,False,False,True,False,False,True,False,False,False,False,10,11,36,37,2,1,1,8,30560,0
132,71.0,19949758.0,4433548,False,True,False,True,False,False,False,False,True,False,False,False,False,False,True,False,False,True,False,False,False,False,15,8,36,37,5,0,7,8,36528,1
327,26.0,20024359.0,4440269,True,False,False,False,True,False,False,False,True,False,False,False,False,False,True,False,False,False,False,False,True,False,9,4,36,37,18,1,2,8,10209,0
373,3.0,20072547.0,4461685,True,False,False,False,True,False,False,False,True,False,False,False,False,False,True,False,False,False,False,False,True,False,15,5,36,37,17,1,9,8,39320,0
215,40.0,20080343.0,4464778,False,True,False,False,True,False,False,False,True,False,False,False,True,False,False,False,False,True,False,False,False,False,6,8,36,37,8,0,1,8,43506,1
161,48.0,20029825.0,4442678,False,True,False,False,True,False,False,False,True,False,False,False,True,False,False,False,False,True,False,False,False,False,6,8,36,37,1,0,1,8,4132,1
252,80.0,0.0,4478022,False,True,False,False,False,False,True,False,False,True,False,False,False,True,False,False,False,False,False,False,False,True,10,8,36,28,8,6,7,10,33810,1
195,26.0,20068627.0,4455733,False,True,False,False,True,False,False,False,True,False,False,False,True,False,False,False,False,True,False,False,False,False,6,8,36,37,5,6,8,8,12435,1
391,56.0,20067952.0,4459665,False,True,False,False,True,False,False,False,True,False,False,False,True,False,False,False,False,True,False,False,False,False,6,11,36,37,9,1,8,8,30075,0
258,44.0,19967012.0,4402267,False,True,False,False,True,False,False,False,True,False,False,False,False,False,True,False,False,True,False,False,False,False,10,4,36,37,2,1,1,8,33454,0
401,55.0,20009144.0,4433893,True,False,False,False,True,False,False,False,True,False,False,False,False,False,True,False,False,True,False,False,False,False,10,5,36,37,2,1,1,8,30964,0
339,27.0,19966275.0,4410828,False,True,False,False,True,False,False,False,True,False,False,False,False,False,True,False,False,True,False,False,False,False,15,11,36,37,2,1,1,8,25291,0
77,43.0,19949679.0,4415906,False,True,False,False,False,True,False,False,True,False,False,False,True,False,False,False,False,True,False,False,False,False,6,8,36,37,8,6,7,8,23940,1
164,57.0,20046707.0,4444048,False,True,False,False,True,False,False,False,True,False,False,False,True,False,False,False,False,True,False,False,False,False,6,10,36,37,7,1,1,8,26116,1
197,19.0,20062607.0,4457192,False,True,False,False,True,False,False,False,True,False,False,False,True,False,False,False,False,True,False,False,False,False,11,8,36,37,8,0,1,8,40197,1
93,28.0,20047642.0,4419561,False,True,False,False,True,False,False,False,True,False,False,False,False,False,True,False,False,False,False,False,True,False,15,5,36,37,5,6,2,8,23653,1
148,34.0,20020600.0,4438604,False,True,False,False,True,False,False,False,True,False,False,False,True,False,False,False,False,True,False,False,False,False,3,8,36,37,8,0,1,8,17634,1
368,51.0,20062443.0,4453949,True,False,False,False,True,False,False,False,True,False,False,False,False,False,True,False,False,True,False,False,False,False,9,11,36,37,2,1,1,8,17255,0
187,21.0,20073342.0,4452542,False,True,False,False,True,False,False,False,True,False,False,False,False,False,True,False,False,True,False,False,False,False,0,8,36,37,8,6,1,8,28072,1
31,24.0,0.0,4396617,True,False,False,False,False,False,True,False,False,True,False,False,False,True,False,False,False,False,False,False,False,True,10,8,36,28,8,0,7,3,6047,1
282,23.0,20072509.0,4461628,False,True,False,False,True,False,False,False,True,False,False,False,False,False,True,False,False,True,False,False,False,False,11,1,36,37,2,1,1,8,19458,0
448,28.0,20079922.0,4465322,False,True,False,False,False,True,False,False,True,False,False,False,False,False,True,False,False,True,False,False,False,False,11,1,36,37,2,1,7,8,16120,0
312,37.0,20072030.0,4461763,False,True,False,False,True,False,False,False,True,False,False,False,False,False,True,False,False,True,False,False,False,False,11,1,36,37,2,1,8,8,4702,0
273,29.0,19832651.0,4385146,False,True,False,False,True,False,False,False,True,False,False,False,False,False,True,False,False,True,False,False,False,False,10,1,36,37,2,1,1,8,22968,0
352,5.0,19973548.0,4408877,True,False,False,False,True,False,False,False,True,False,False,False,False,False,True,False,False,False,False,False,True,False,10,1,36,37,2,5,4,8,12353,0
335,31.0,20052214.0,4452926,False,True,False,False,True,False,False,False,True,False,False,False,False,False,True,False,False,True,False,False,False,False,10,11,36,37,2,1,1,8,31628,0
419,17.0,0.0,4398753,False,True,False,False,False,False,True,False,False,True,False,False,False,True,False,False,False,False,False,False,False,True,10,7,36,13,9,1,7,3,18951,0
186,45.0,20066756.0,4452541,False,True,False,False,True,False,False,False,True,False,False,False,True,False,False,False,False,True,False,False,False,False,6,8,36,37,8,0,1,8,26800,1
283,26.0,20106873.0,4477514,False,True,False,False,True,False,False,False,True,False,False,False,False,False,True,False,False,True,False,False,False,False,10,5,36,37,18,1,1,8,36648,0
399,33.0,20016688.0,4436525,False,True,False,False,True,False,False,False,True,False,False,False,False,False,True,False,False,True,False,False,False,False,15,11,36,37,18,1,1,8,42573,0
437,29.0,19943092.0,4401752,True,False,False,False,True,False,False,False,True,False,False,False,False,False,True,False,False,False,False,False,True,False,15,1,36,37,18,1,0,8,25911,0
351,14.0,0.0,4393606,False,True,False,False,False,False,True,False,False,True,False,False,False,True,False,False,False,False,False,False,False,True,10,10,36,28,7,1,7,3,44534,0
163,77.0,20030087.0,4442687,True,False,False,False,True,False,False,False,True,False,False,False,False,False,False,False,True,False,False,False,True,False,15,5,36,37,5,0,4,8,20198,1
476,65.0,0.0,4418902,False,True,False,False,False,False,True,False,False,False,False,True,False,True,False,False,False,False,False,False,False,True,10,10,36,37,4,7,7,9,19961,0
377,71.0,0.0,4445153,False,True,False,False,False,False,True,False,False,False,True,False,False,True,False,False,False,False,False,False,False,True,10,4,36,37,9,1,7,1,22395,0
25,84.0,0.0,4394172,True,False,False,False,False,False,True,False,False,False,True,False,False,True,False,False,False,False,False,False,False,True,10,8,36,37,9,5,7,1,21145,1
261,17.0,0.0,4380969,True,False,False,False,False,False,True,False,False,False,True,False,False,True,False,False,False,False,False,False,False,True,10,1,36,37,2,1,7,2,36959,0
27,31.0,0.0,4394349,False,True,False,False,False,False,True,False,False,False,True,False,False,True,False,False,False,False,False,False,False,True,10,2,36,37,16,1,7,15,23187,1
157,32.0,20027465.0,4441354,False,True,False,False,True,False,False,False,True,False,False,False,False,False,True,False,False,True,False,False,False,False,11,8,36,37,14,0,1,8,23025,1
149,32.0,20023134.0,4439478,False,True,False,False,True,False,False,False,True,False,False,False,False,False,True,False,False,True,False,False,False,False,11,8,36,37,8,6,1,8,4363,1
342,27.0,20047148.0,4450494,True,False,False,False,True,False,False,False,True,False,False,False,True,False,False,False,False,False,False,False,True,False,6,4,36,37,7,6,4,8,36786,0
66,22.0,20094167.0,4410389,False,True,False,False,True,False,False,False,True,False,False,False,True,False,False,False,False,True,False,False,False,False,11,8,36,37,5,0,8,8,28740,1
20,72.0,0.0,4392149,False,True,False,False,False,False,True,False,False,False,True,False,False,True,False,False,False,False,False,False,False,True,10,5,36,37,8,6,7,1,7979,1
438,33.0,19951053.0,4422543,True,False,False,False,True,False,False,False,True,False,False,False,False,False,True,False,False,False,False,False,True,False,9,10,36,37,4,1,4,8,3224,0
9,81.0,0.0,4384065,False,True,False,False,False,False,True,False,False,True,False,False,False,True,False,False,False,False,False,False,False,True,10,5,26,1,2,0,7,3,24485,1
114,56.0,20030324.0,4443102,True,False,False,True,False,False,False,False,True,False,False,False,True,False,False,False,False,True,False,False,False,False,11,8,36,37,17,6,7,8,27012,1
386,23.0,20072136.0,4461536,True,False,False,False,True,False,False,False,True,False,False,False,False,False,True,False,False,False,False,False,True,False,10,8,36,37,12,1,2,8,11519,0
395,3.0,19997472.0,4433326,False,True,False,False,True,False,False,False,True,False,False,False,False,False,True,False,False,False,False,False,True,False,4,5,36,37,2,1,9,8,41775,0
112,27.0,19996811.0,4426262,False,True,False,False,True,False,False,False,True,False,False,False,True,False,False,False,False,True,False,False,False,False,6,8,36,37,8,6,1,8,45401,1
185,44.0,0.0,4452540,True,False,False,False,False,False,True,False,False,True,False,False,False,True,False,False,False,False,False,False,False,True,10,8,36,37,8,0,7,9,42202,1
260,6.0,0.0,4440922,False,True,False,False,False,False,True,False,False,True,False,False,False,True,False,False,False,False,False,False,False,True,10,4,36,37,0,1,7,11,30891,0
371,17.0,19986596.0,4417638,False,True,False,False,True,False,False,False,True,False,False,False,False,False,True,False,False,False,False,False,True,False,10,8,36,37,2,1,2,8,31749,0
422,33.0,20082056.0,4466162,False,True,False,False,True,False,False,False,True,False,False,False,False,False,True,False,False,True,False,False,False,False,10,1,36,37,12,1,1,8,37032,0
181,52.0,0.0,4450832,False,True,False,False,False,False,True,False,False,False,False,True,False,True,False,False,False,False,False,False,False,True,10,13,36,37,17,0,7,15,42644,1
15,51.0,0.0,4388187,False,True,False,False,False,False,True,False,False,True,False,False,False,True,False,False,False,False,False,False,False,True,10,2,36,28,8,0,7,10,6430,1
153,31.0,20029168.0,4442158,True,False,False,False,True,False,False,False,True,False,False,False,False,False,True,False,False,True,False,False,False,False,10,5,36,37,5,0,1,8,41003,1
165,91.0,0.0,4443779,True,False,False,False,False,False,True,False,False,False,True,False,False,True,False,False,False,False,False,False,False,True,10,8,36,37,5,0,7,1,22670,1
278,21.0,20071944.0,4461469,True,False,False,False,True,False,False,False,True,False,False,False,False,False,True,False,False,False,False,False,True,False,10,1,36,37,12,1,4,8,12074,0
482,24.0,0.0,4448499,True,False,False,False,False,False,True,False,False,False,False,True,False,True,False,False,False,False,False,False,False,True,15,10,36,37,7,1,7,10,35563,0
57,72.0,0.0,4408063,True,False,False,False,False,False,True,False,False,True,False,False,False,True,False,False,False,False,False,False,False,True,10,8,36,37,5,0,7,15,6328,1
100,34.0,0.0,4420435,False,True,False,False,False,False,True,False,False,True,False,False,False,True,False,False,False,False,False,False,False,True,10,8,36,28,14,0,7,15,39734,1
78,61.0,20012863.0,4415909,False,True,False,False,True,False,False,False,True,False,False,False,False,False,True,False,False,True,False,False,False,False,10,8,36,37,5,0,1,8,19459,1
364,34.0,20061194.0,4452304,False,True,False,False,True,False,False,False,True,False,False,False,False,False,True,False,False,True,False,False,False,False,10,13,36,37,17,7,1,8,30066,0
302,58.0,19826735.0,4382562,False,True,False,False,True,False,False,False,True,False,False,False,False,False,True,False,False,False,False,False,True,False,10,1,36,37,2,1,4,8,29719,0
230,22.0,20088723.0,4468548,True,False,False,False,True,False,False,False,True,False,False,False,False,False,True,False,False,False,False,False,True,False,11,8,36,37,8,0,4,8,36798,1
67,24.0,19991149.0,4410388,False,True,False,False,False,True,False,False,True,False,False,False,True,False,False,False,False,True,False,False,False,False,11,8,36,37,8,0,7,8,36482,1
301,6.0,20003014.0,4434217,True,False,False,False,True,False,False,False,True,False,False,False,False,False,True,False,False,False,False,False,True,False,10,11,36,37,2,1,6,8,25634,0
95,46.0,0.0,4420041,False,True,False,False,False,False,True,False,False,False,True,False,False,True,False,False,False,False,False,False,False,True,10,8,36,33,8,0,7,0,27492,1
45,69.0,20021237.0,4403297,False,True,False,False,True,False,False,False,True,False,False,False,False,False,True,False,False,True,False,False,False,False,10,2,36,37,8,0,1,8,28939,1
375,14.0,19856252.0,4395870,False,True,False,False,True,False,False,False,True,False,False,False,False,False,True,False,False,True,False,False,False,False,11,10,36,37,2,1,1,8,5233,0
464,37.0,19981210.0,4418046,False,True,False,False,True,False,False,False,True,False,False,False,False,False,False,True,False,True,False,False,False,False,6,11,36,37,2,1,1,8,24920,0
347,40.0,19964732.0,4417155,False,True,False,True,False,False,False,False,True,False,False,False,False,False,True,False,False,True,False,False,False,False,15,10,36,37,2,1,7,8,22696,0
97,58.0,19912917.0,4420981,False,True,False,True,False,False,False,False,True,False,False,False,False,False,True,False,False,True,False,False,False,False,7,8,36,37,5,0,7,8,3030,1
481,33.0,20009548.0,4417051,True,False,False,False,True,False,False,False,True,False,False,False,False,False,True,False,False,True,False,False,False,False,10,8,36,37,2,1,1,8,17928,0
382,60.0,20096535.0,4472836,False,True,False,True,False,False,False,False,True,False,False,False,True,False,False,False,False,True,False,False,False,False,7,5,36,37,2,1,7,8,40466,0
379,50.0,19846168.0,4391051,False,True,False,False,True,False,False,False,True,False,False,False,False,False,True,False,False,True,False,False,False,False,10,1,36,37,2,1,1,8,19890,0
128,58.0,0.0,4430479,True,False,False,False,False,False,True,False,False,False,True,False,False,True,False,False,False,False,False,False,False,True,10,8,36,37,5,0,7,15,40185,1
430,32.0,0.0,4434645,True,False,False,False,False,False,True,False,False,False,True,False,False,True,False,False,False,False,False,False,False,True,10,1,36,37,2,1,7,1,44719,0
290,36.0,19830077.0,4384112,False,True,False,False,True,False,False,False,True,False,False,False,False,False,True,False,False,True,False,False,False,False,15,11,36,37,18,1,1,8,1108,0
254,33.0,0.0,4395980,False,True,False,False,False,False,True,False,False,True,False,False,False,True,False,False,False,False,False,False,False,True,10,10,36,37,12,1,7,6,5682,0
10,34.0,0.0,4384771,False,True,False,False,False,False,True,False,False,True,False,False,False,True,False,False,False,False,False,False,False,True,10,13,36,37,17,0,7,3,29216,1
424,32.0,20005049.0,4430976,True,False,False,False,True,False,False,False,True,False,False,False,False,False,True,False,False,False,False,False,True,False,10,12,36,37,2,1,2,8,9497,0
191,42.0,20064392.0,4454052,False,True,False,False,True,False,False,False,True,False,False,False,False,False,True,False,False,True,False,False,False,False,10,13,36,37,17,7,1,8,2639,1
184,35.0,20049182.0,4451379,False,True,False,False,True,False,False,False,True,False,False,False,True,False,False,False,False,True,False,False,False,False,6,8,36,37,8,0,1,8,40442,1
166,29.0,20034584.0,4444800,False,True,False,False,True,False,False,False,True,False,False,False,True,False,False,False,False,True,False,False,False,False,6,8,36,37,8,6,1,8,28288,1
501,30.0,19864527.0,4399443,False,True,False,False,True,False,False,False,True,False,False,False,False,False,True,False,False,True,False,False,False,False,15,12,36,37,2,1,1,8,8189,0
54,53.0,19962618.0,4407073,False,True,False,False,True,False,False,False,True,False,False,False,False,False,True,False,False,True,False,False,False,False,15,13,36,37,8,6,1,8,38653,1
345,46.0,19983995.0,4411277,False,True,False,False,True,False,False,False,True,False,False,False,False,False,True,False,False,True,False,False,False,False,10,8,36,37,2,1,1,8,23420,0
477,53.0,19839031.0,4388159,False,True,False,False,True,False,False,False,True,False,False,False,False,False,True,False,False,True,False,False,False,False,10,11,36,37,18,1,1,8,11883,0
18,21.0,20077861.0,4391598,False,True,False,False,True,False,False,False,True,False,False,False,False,False,True,False,False,False,False,False,True,False,11,8,36,37,8,0,2,8,2097,1
359,31.0,20042446.0,4448223,False,True,False,False,True,False,False,False,True,False,False,False,False,False,True,False,False,False,False,False,True,False,10,8,36,37,8,1,5,8,16921,0
425,36.0,19953863.0,4402387,False,True,False,False,True,False,False,False,True,False,False,False,False,False,True,False,False,False,False,False,True,False,10,10,36,37,2,1,9,8,45095,0
421,32.0,20021905.0,4439021,False,True,False,False,True,False,False,False,True,False,False,False,False,False,True,False,False,False,False,False,True,False,10,10,36,37,12,1,2,8,42755,0
167,36.0,0.0,4444798,True,False,False,False,False,False,True,False,False,False,True,False,False,True,False,False,False,False,False,False,False,True,10,8,36,37,8,0,7,15,21676,1
14,52.0,0.0,4387617,True,False,False,False,False,False,True,False,False,True,False,False,False,True,False,False,False,False,False,False,False,True,10,8,36,28,8,6,7,2,6192,1
139,67.0,0.0,4456659,True,False,False,False,False,False,True,False,False,True,False,False,False,True,False,False,False,False,False,False,False,True,10,5,36,28,5,0,7,10,24073,1
404,46.0,20103902.0,4475950,False,True,False,False,False,True,False,False,True,False,False,False,True,False,False,False,False,True,False,False,False,False,7,5,36,37,2,1,7,8,14059,0
349,54.0,0.0,4455585,True,False,False,False,False,False,True,False,False,True,False,False,False,True,False,False,False,False,False,False,False,True,10,10,36,37,2,1,7,5,29165,0
223,36.0,20102373.0,4475458,False,True,False,False,True,False,False,False,True,False,False,False,True,False,False,False,False,True,False,False,False,False,11,8,36,37,8,0,1,8,37542,1
484,26.0,20010294.0,4416184,True,False,False,False,True,False,False,False,True,False,False,False,False,False,True,False,False,False,False,False,True,False,10,11,36,37,17,7,2,8,34653,0
287,20.0,20008626.0,4431141,False,True,False,True,False,False,False,False,True,False,False,False,True,False,False,False,False,True,False,False,False,False,6,10,36,37,12,1,7,8,18063,0
257,60.0,20034859.0,4444892,False,True,False,False,True,False,False,False,True,False,False,False,False,False,True,False,False,True,False,False,False,False,10,11,36,37,4,1,1,8,7198,0
91,25.0,20047642.0,4419561,False,True,False,False,True,False,False,False,True,False,False,False,False,False,True,False,False,False,False,False,True,False,15,5,36,37,5,6,6,8,10421,1
219,18.0,0.0,4466279,False,True,False,False,False,False,True,False,False,True,False,False,False,True,False,False,False,False,False,False,False,True,10,8,36,28,8,0,7,10,32710,1
316,53.0,20005488.0,4410032,True,False,False,False,True,False,False,False,True,False,False,False,False,False,True,False,False,True,False,False,False,False,10,5,36,37,2,5,1,8,6664,0
281,57.0,20004188.0,4420422,False,True,False,False,True,False,False,False,True,False,False,False,False,False,True,False,False,True,False,False,False,False,10,11,36,37,2,1,1,8,27247,0
225,30.0,20091024.0,4467504,False,True,False,False,True,False,False,False,True,False,False,False,False,False,True,False,False,True,False,False,False,False,11,8,36,37,8,0,1,8,4774,1
86,73.0,0.0,4418820,True,False,False,False,False,False,True,False,False,True,False,False,False,True,False,False,False,False,False,False,False,True,10,8,36,28,8,0,7,14,32268,1
30,92.0,19981265.0,4396621,False,True,False,False,True,False,False,False,True,False,False,False,False,False,True,False,False,True,False,False,False,False,3,2,36,37,8,1,1,8,11857,1
103,38.0,20000982.0,4421887,False,True,False,False,False,True,False,False,True,False,False,False,True,False,False,False,False,True,False,False,False,False,11,5,36,37,2,1,7,8,10950,1
182,61.0,0.0,4457151,False,True,False,False,False,False,True,False,False,False,True,False,False,True,False,False,False,False,False,False,False,True,10,1,36,28,2,1,7,0,14646,1
59,71.0,0.0,4408062,False,True,False,False,False,False,True,False,False,True,False,False,False,True,False,False,False,False,False,False,False,True,10,8,36,28,8,6,7,3,33103,1
200,34.0,0.0,4457191,True,False,False,False,False,False,True,True,False,False,False,False,False,True,False,False,False,False,False,False,False,True,10,5,36,37,5,0,7,9,3155,1
127,37.0,19946941.0,4429676,False,True,False,False,True,False,False,False,True,False,False,False,True,False,False,False,False,True,False,False,False,False,11,8,36,37,8,0,1,8,13099,1
222,66.0,20088710.0,4469160,False,True,False,False,False,True,False,False,True,False,False,False,True,False,False,False,False,True,False,False,False,False,11,8,36,37,9,1,7,8,11891,1
154,29.0,20027272.0,4441449,False,True,False,False,True,False,False,False,True,False,False,False,False,False,True,False,False,True,False,False,False,False,15,2,36,37,8,0,1,8,5673,1
84,58.0,0.0,4417604,False,True,False,False,False,False,True,False,False,False,True,False,False,True,False,False,False,False,False,False,False,True,10,5,36,28,8,0,7,0,5441,1
119,52.0,0.0,4427548,False,True,False,False,False,False,True,False,False,False,True,False,False,True,False,False,False,False,False,False,False,True,10,8,36,28,14,0,7,0,33745,1
293,30.0,19971716.0,4429709,False,True,False,False,True,False,False,False,True,False,False,False,False,False,False,True,False,True,False,False,False,False,11,12,36,37,2,1,1,8,15617,0
410,17.0,0.0,4382676,True,False,False,False,False,False,True,False,False,False,True,False,False,True,False,False,False,False,False,False,False,True,10,9,36,37,2,1,7,1,11759,0
210,31.0,0.0,4462333,True,False,False,False,False,False,True,True,False,False,False,False,False,True,False,False,False,False,False,False,False,True,10,5,36,37,8,0,7,10,39270,1
279,16.0,0.0,4429679,False,True,False,False,False,False,True,False,False,True,False,False,False,True,False,False,False,False,False,False,False,True,10,13,36,37,2,1,7,9,7241,0
457,29.0,20077290.0,4463974,False,True,False,False,True,False,False,False,True,False,False,False,False,False,True,False,False,True,False,False,False,False,11,10,36,37,2,1,1,8,207,0
397,33.0,20071501.0,4461168,False,True,False,False,True,False,False,False,True,False,False,False,False,False,True,False,False,True,False,False,False,False,6,10,36,37,2,1,1,8,26770,0
123,36.0,19986169.0,4430850,False,True,False,False,True,False,False,False,True,False,False,False,False,False,True,False,False,True,False,False,False,False,6,5,36,37,5,0,1,8,27268,1
275,43.0,19828549.0,4382858,True,False,False,False,True,False,False,False,True,False,False,False,False,False,True,False,False,True,False,False,False,False,3,5,36,37,12,1,1,8,36210,0
445,26.0,20007857.0,4413095,False,True,False,False,True,False,False,False,True,False,False,False,False,False,True,False,False,True,False,False,False,False,3,5,36,37,2,1,1,8,32366,0
32,92.0,0.0,4396615,False,True,False,False,False,False,True,False,False,False,True,False,False,True,False,False,False,False,False,False,False,True,10,5,36,28,8,0,7,1,9999,1
332,54.0,19950580.0,4416769,False,True,False,True,False,False,False,False,True,False,False,False,True,False,False,False,False,True,False,False,False,False,11,8,36,37,7,4,7,8,38627,0
388,23.0,19973279.0,4404835,False,True,False,False,True,False,False,False,True,False,False,False,False,False,True,False,False,True,False,False,False,False,10,1,36,37,18,1,1,8,32869,0
194,68.0,0.0,4455073,True,False,False,False,False,False,True,False,False,False,True,False,False,True,False,False,False,False,False,False,False,True,10,8,36,37,8,0,7,2,1388,1
205,23.0,20082973.0,4461288,False,True,False,False,True,False,False,False,True,False,False,False,True,False,False,False,False,False,False,False,True,False,11,8,36,37,8,6,2,8,4445,1
439,26.0,19854395.0,4394848,False,True,False,False,True,False,False,False,True,False,False,False,False,False,True,False,False,False,False,False,True,False,15,1,36,37,18,1,6,8,32570,0
180,70.0,0.0,4456041,True,False,False,False,False,False,True,True,False,False,False,False,False,True,False,False,False,False,False,False,False,True,10,5,36,37,9,0,7,4,14160,1
338,27.0,19952783.0,4406632,False,True,False,False,True,False,False,False,True,False,False,False,False,False,True,False,False,True,False,False,False,False,10,11,36,37,2,1,1,8,8764,0
271,58.0,0.0,4445697,True,False,False,False,False,False,True,False,False,False,True,False,False,True,False,False,False,False,False,False,False,True,10,12,36,37,2,1,7,1,22974,0
367,39.0,20012907.0,4435020,True,False,False,False,True,False,False,False,True,False,False,False,False,False,True,False,False,True,False,False,False,False,9,9,36,37,2,2,1,8,17152,0
152,10.0,20029168.0,4442158,True,False,False,False,True,False,False,False,True,False,False,False,False,False,True,False,False,False,False,False,True,False,10,8,36,37,5,0,2,8,14582,1
356,38.0,0.0,4436883,True,False,False,False,True,False,False,False,False,False,True,False,False,False,True,False,False,False,False,True,False,False,11,10,36,37,4,1,1,4,35115,0
423,47.0,19826508.0,4382394,True,False,False,False,True,False,False,False,True,False,False,False,False,False,True,False,False,True,False,False,False,False,10,5,36,37,18,1,1,8,23465,0
120,31.0,20005608.0,4427753,False,True,False,False,True,False,False,False,True,False,False,False,False,False,True,False,False,True,False,False,False,False,6,8,36,37,8,6,1,8,38641,1
216,62.0,20088398.0,4465371,False,True,False,True,False,False,False,False,True,False,False,False,True,False,False,False,False,True,False,False,False,False,11,2,36,37,8,0,7,8,17156,1
140,46.0,0.0,4443281,False,True,False,False,False,False,True,False,False,True,False,False,False,True,False,False,False,False,False,False,False,True,10,0,36,37,5,0,7,9,34032,1
172,35.0,20040806.0,4447626,False,True,False,False,True,False,False,False,True,False,False,False,True,False,False,False,False,True,False,False,False,False,6,8,36,37,8,6,1,8,23963,1
268,31.0,19860685.0,4397936,False,True,False,True,False,False,False,False,True,False,False,False,True,False,False,False,False,True,False,False,False,False,7,10,36,37,2,1,7,8,24720,0
189,62.0,0.0,4453656,True,False,False,False,False,False,True,False,False,True,False,False,False,True,False,False,False,False,False,False,False,True,10,5,36,28,5,0,7,3,18905,1
65,57.0,0.0,4410387,True,False,False,False,False,False,True,False,False,False,True,False,False,True,False,False,False,False,False,False,False,True,10,2,36,37,5,0,7,1,37051,1
344,33.0,19911828.0,4420844,True,False,False,False,True,False,False,False,True,False,False,False,False,False,True,False,False,False,False,False,True,False,3,11,36,37,2,1,6,8,5419,0
449,82.0,0.0,4425996,False,True,False,False,False,False,True,False,False,True,False,False,False,True,False,False,False,False,False,False,False,True,10,8,36,37,9,1,7,10,21189,0
229,25.0,20086728.0,4468192,False,True,False,False,True,False,False,False,True,False,False,False,True,False,False,False,False,True,False,False,False,False,11,8,36,37,8,0,1,8,4116,1
126,25.0,19983427.0,4430829,False,True,False,False,False,True,False,False,True,False,False,False,True,False,False,False,False,True,False,False,False,False,11,8,36,37,14,0,7,8,24302,1
307,28.0,19837569.0,4387521,True,False,False,False,True,False,False,False,True,False,False,False,False,False,True,False,False,False,False,False,True,False,11,13,36,37,2,1,6,8,5627,0
329,18.0,19989752.0,4434067,True,False,False,False,True,False,False,False,True,False,False,False,False,False,True,False,False,True,False,False,False,False,10,12,36,37,2,1,1,8,11467,0
245,69.0,0.0,4474547,False,True,False,False,False,False,True,False,False,True,False,False,False,True,False,False,False,False,False,False,False,True,10,8,36,28,8,6,7,3,19488,1
90,52.0,0.0,4419564,False,True,False,False,False,False,True,False,False,False,True,False,False,True,False,False,False,False,False,False,False,True,10,8,36,28,8,0,7,0,5279,1
138,24.0,20060359.0,4456653,False,True,False,True,False,False,False,False,True,False,False,False,True,False,False,False,False,True,False,False,False,False,11,8,36,37,8,0,7,8,16160,1
130,23.0,20008986.0,4432786,False,True,False,False,True,False,False,False,True,False,False,False,False,False,True,False,False,False,False,False,True,False,11,8,36,37,8,0,2,8,16221,1
408,34.0,19998383.0,4432958,True,False,False,False,True,False,False,False,True,False,False,False,False,False,True,False,False,True,False,False,False,False,10,1,36,37,2,1,1,8,10811,0
366,28.0,20074418.0,4460549,True,False,False,True,False,False,False,False,True,False,False,False,True,False,False,False,False,True,False,False,False,False,7,10,36,37,2,1,7,8,23681,0
168,23.0,20035496.0,4445442,False,True,False,False,True,False,False,False,True,False,False,False,True,False,False,False,False,True,False,False,False,False,6,5,36,37,12,0,1,8,32050,1
474,20.0,20018884.0,4437762,True,False,False,False,True,False,False,False,True,False,False,False,False,False,True,False,False,True,False,False,False,False,15,8,36,37,2,1,1,8,36144,0
431,36.0,20083559.0,4464357,False,True,False,False,True,False,False,False,True,False,False,False,False,False,True,False,False,False,False,False,True,False,11,13,36,37,17,1,10,8,24316,0
190,52.0,20083400.0,4453643,False,True,False,False,True,False,False,False,True,False,False,False,False,False,True,False,False,True,False,False,False,False,15,5,36,37,8,6,1,8,43119,1
454,30.0,20044521.0,4449667,False,True,False,True,False,False,False,False,True,False,False,False,False,False,True,False,False,True,False,False,False,False,11,9,36,37,12,1,7,8,43588,0
443,47.0,19953146.0,4413168,False,True,False,True,False,False,False,False,True,False,False,False,False,False,True,False,False,True,False,False,False,False,12,12,36,37,2,1,7,8,17005,0
433,23.0,20025430.0,4440853,False,True,False,True,False,False,False,False,True,False,False,False,False,False,False,True,False,True,False,False,False,False,11,8,36,37,0,4,7,8,3259,0
357,33.0,20043307.0,4448422,True,False,False,False,True,False,False,False,True,False,False,False,False,False,True,False,False,True,False,False,False,False,10,5,36,37,2,1,1,8,21780,0
488,64.0,20087355.0,4468362,False,True,False,False,True,False,False,False,True,False,False,False,False,False,True,False,False,False,False,False,True,False,10,11,36,37,8,1,4,8,1828,0
73,37.0,19986848.0,4412249,False,True,False,False,True,False,False,False,True,False,False,False,True,False,False,False,False,True,False,False,False,False,6,8,36,37,8,0,1,8,14460,1
107,40.0,20036618.0,4422826,False,True,False,False,True,False,False,False,True,False,False,False,False,False,True,False,False,True,False,False,False,False,15,13,36,37,17,0,1,8,9852,1
325,40.0,0.0,4381610,False,True,False,False,False,False,True,False,False,True,False,False,False,True,False,False,False,False,False,False,False,True,10,9,36,13,12,1,7,3,8149,0
499,27.0,19967906.0,4409904,True,False,False,False,True,False,False,False,True,False,False,False,False,False,True,False,False,False,False,False,True,False,10,1,36,37,2,1,9,8,23336,0
496,23.0,19977195.0,4427201,True,False,False,False,True,False,False,False,True,False,False,False,False,False,False,True,False,False,False,False,True,False,6,10,36,37,9,1,4,8,20951,0
129,32.0,20051231.0,4434120,False,True,False,False,True,False,False,False,True,False,False,False,False,False,True,False,False,True,False,False,False,False,6,5,36,37,8,1,1,8,25317,1
125,121.0,19929465.0,4428754,False,True,False,True,False,False,False,False,True,False,False,False,True,False,False,False,False,True,False,False,False,False,11,8,36,37,14,0,7,8,27912,1
221,32.0,20083131.0,4466536,False,True,False,False,False,True,False,False,True,False,False,False,True,False,False,False,False,True,False,False,False,False,7,5,36,37,5,0,7,8,427,1
378,58.0,20056645.0,4452150,True,False,False,False,True,False,False,False,True,False,False,False,False,False,True,False,False,True,False,False,False,False,10,1,36,37,2,1,1,8,17737,0
328,64.0,0.0,4406091,False,True,False,False,False,False,True,False,False,True,False,False,False,True,False,False,False,False,False,False,False,True,10,1,36,28,2,1,7,6,16949,0
383,32.0,19990367.0,4413667,True,False,False,False,True,False,False,False,True,False,False,False,False,False,True,False,False,True,False,False,False,False,10,1,36,37,2,1,1,8,3537,0
206,44.0,20071922.0,4461286,False,True,False,True,False,False,False,False,True,False,False,False,True,False,False,False,False,True,False,False,False,False,11,8,36,37,8,0,7,8,40394,1
483,56.0,19829164.0,4383686,True,False,False,False,True,False,False,False,True,False,False,False,False,False,True,False,False,True,False,False,False,False,10,9,36,37,2,1,1,8,22983,0
110,16.0,20016603.0,4423679,False,True,False,True,False,False,False,False,True,False,False,False,True,False,False,False,False,True,False,False,False,False,11,8,36,37,8,6,7,8,14966,1
43,69.0,19958763.0,4401549,False,True,False,False,True,False,False,False,True,False,False,False,False,False,True,False,False,True,False,False,False,False,10,2,36,37,2,6,1,8,42390,1
46,64.0,0.0,4404422,True,False,False,False,False,False,True,False,False,False,True,False,False,True,False,False,False,False,False,False,False,True,10,8,36,37,8,4,7,1,23950,1
288,23.0,19988905.0,4431888,True,False,False,False,True,False,False,False,True,False,False,False,False,False,True,False,False,False,False,False,True,False,9,10,36,37,8,1,4,8,18145,0
262,25.0,19944588.0,4421680,False,True,False,True,False,False,False,False,True,False,False,False,False,False,True,False,False,True,False,False,False,False,11,10,36,37,2,1,7,8,7476,0
37,30.0,19860823.0,4397902,True,False,False,False,True,False,False,False,True,False,False,False,False,False,True,False,False,False,False,False,True,False,3,8,36,37,16,0,2,8,36883,1
299,34.0,20068447.0,4460053,False,True,False,False,True,False,False,False,True,False,False,False,False,False,True,False,False,False,False,False,True,False,11,5,36,37,2,1,6,8,39057,0
346,34.0,20049872.0,4451726,False,True,False,False,True,False,False,False,True,False,False,False,False,False,True,False,False,False,False,False,True,False,11,10,36,37,2,1,2,8,26174,0
131,77.0,20012611.0,4432515,True,False,False,False,True,False,False,False,True,False,False,False,False,False,False,False,True,False,False,False,True,False,3,5,36,37,8,0,2,8,14965,1
249,28.0,20106827.0,4477267,False,True,False,False,True,False,False,False,True,False,False,False,False,False,False,True,False,True,False,False,False,False,15,5,36,37,8,0,1,8,1674,1
444,21.0,20033919.0,4444493,False,True,False,False,True,False,False,False,True,False,False,False,False,False,True,False,False,True,False,False,False,False,15,8,36,37,2,1,1,8,20625,0
143,33.0,20016595.0,4436428,True,False,False,False,True,False,False,False,True,False,False,False,False,False,False,False,True,True,False,False,False,False,15,8,36,37,16,0,1,8,44770,1
264,92.0,20016546.0,4436674,False,True,False,False,True,False,False,False,True,False,False,False,False,False,True,False,False,True,False,False,False,False,2,4,36,37,2,1,1,8,11278,0
459,42.0,20092967.0,4471135,True,False,False,False,True,False,False,False,True,False,False,False,False,False,True,False,False,True,False,False,False,False,10,2,36,37,2,1,1,8,43761,0
310,54.0,0.0,4440327,True,False,False,False,False,False,True,False,False,True,False,False,False,True,False,False,False,False,False,False,False,True,10,11,36,37,2,1,7,9,6707,0
341,23.0,20014629.0,4435759,True,False,False,False,True,False,False,False,True,False,False,False,False,False,True,False,False,False,False,False,True,False,10,11,36,37,12,1,4,8,37454,0
109,65.0,0.0,4425001,True,False,False,False,False,False,True,False,False,False,True,False,False,True,False,False,False,False,False,False,False,True,10,8,36,37,8,6,7,1,25288,1
412,31.0,19982919.0,4422860,False,True,False,False,True,False,False,False,True,False,False,False,False,False,True,False,False,True,False,False,False,False,10,11,36,37,2,1,1,8,10439,0
13,84.0,0.0,4387714,False,True,False,False,False,False,True,False,False,False,True,False,False,True,False,False,False,False,False,False,False,True,10,10,36,28,12,0,7,0,12988,1
462,23.0,19864262.0,4399522,False,True,False,False,True,False,False,False,True,False,False,False,False,False,True,False,False,True,False,False,False,False,10,10,36,37,12,1,1,8,39184,0
248,33.0,0.0,4476909,False,True,False,False,False,False,True,False,False,True,False,False,False,True,False,False,False,False,False,False,False,True,10,8,36,28,8,0,7,3,39354,1
265,37.0,0.0,4454882,False,True,False,False,False,False,True,False,False,False,True,False,False,True,False,False,False,False,False,False,False,True,10,9,26,28,12,1,7,0,21324,0
198,73.0,0.0,4456872,True,False,False,False,False,False,True,False,False,True,False,False,False,True,False,False,False,False,False,False,False,True,10,8,36,28,5,6,7,3,2486,1
308,30.0,20002358.0,4421511,True,False,False,False,True,False,False,False,True,False,False,False,False,False,True,False,False,True,False,False,False,False,10,2,36,37,12,7,1,8,35953,0
463,64.0,20073636.0,4462343,False,True,False,False,True,False,False,False,True,False,False,False,False,False,True,False,False,True,False,False,False,False,9,13,36,37,17,1,1,8,19886,0
472,40.0,20091132.0,4470244,True,False,False,False,True,False,False,False,True,False,False,False,False,False,True,False,False,False,False,False,True,False,11,10,36,37,4,1,9,8,15064,0
16,42.0,19838498.0,4387784,False,True,False,False,True,False,False,False,True,False,False,False,False,False,False,False,True,True,False,False,False,False,11,5,36,37,8,0,1,8,43620,1
498,32.0,19961495.0,4405721,True,False,False,False,True,False,False,False,True,False,False,False,False,False,True,False,False,True,False,False,False,False,10,1,36,37,2,1,1,8,11758,0
478,20.0,19824596.0,4381064,False,True,False,False,True,False,False,False,True,False,False,False,False,False,True,False,False,True,False,False,False,False,10,4,36,37,9,1,1,8,17056,0
241,2.0,0.0,4472716,True,False,False,False,False,False,True,False,False,False,True,False,False,True,False,False,False,False,False,False,False,True,10,5,36,37,8,0,7,15,42028,1
60,45.0,19982194.0,4408694,False,True,False,False,True,False,False,False,True,False,False,False,True,False,False,False,False,True,False,False,False,False,6,8,36,37,14,6,1,8,33698,1
170,54.0,0.0,4445446,False,True,False,False,False,False,True,False,False,True,False,False,False,True,False,False,False,False,False,False,False,True,10,8,36,37,8,0,7,10,15795,1
429,60.0,20009007.0,4410653,True,False,False,False,True,False,False,False,True,False,False,False,False,False,True,False,False,True,False,False,False,False,9,0,36,37,2,1,1,8,23164,0
108,44.0,0.0,4423067,False,True,False,False,False,False,True,False,False,True,False,False,False,True,False,False,False,False,False,False,False,True,10,8,26,28,5,0,7,2,9099,1
98,25.0,19973415.0,4420310,True,False,False,False,True,False,False,False,True,False,False,False,False,False,True,False,False,True,False,False,False,False,11,8,36,37,5,0,1,8,12384,1
376,27.0,19980300.0,4417291,False,True,False,False,True,False,False,False,True,False,False,False,False,False,False,True,False,True,False,False,False,False,6,5,36,37,2,1,1,8,14895,0
