PERSON_AGE,VEHICLE_ID,COLLISION_ID,PERSON_SEX_F,PERSON_SEX_M,PERSON_SEX_U,PERSON_TYPE_Bicyclist,PERSON_TYPE_Occupant,PERSON_TYPE_Other Motorized,PERSON_TYPE_Pedestrian,PED_LOCATION_Does Not Apply,PED_LOCATION_NAP,PED_LOCATION_Pedestrian/Bicyclist/Other Pedestrian Not at Intersection,PED_LOCATION_Pedestrian/Bicyclist/Other Pedestrian at Intersection,PED_LOCATION_Unknown,EJECTION_Ejected,EJECTION_NAP,EJECTION_Not Ejected,EJECTION_Partially Ejected,EJECTION_Trapped,PED_ROLE_Driver,PED_ROLE_In-Line Skater,PED_ROLE_Other,PED_ROLE_Passenger,PED_ROLE_Pedestrian,SAFETY_EQUIPMENT,BODILY_INJURY,CONTRIBUTING_FACTOR_2,CONTRIBUTING_FACTOR_1,COMPLAINT,EMOTIONAL_STATUS,POSITION_IN_VEHICLE,PED_ACTION,PERSON_ID,PERSON_INJURY
54.0,0.0,4421901,True,False,False,False,False,False,True,False,False,False,True,False,False,True,False,False,False,False,False,False,False,True,10,8,36,37,8,6,7,15,38266,1
73.0,0.0,4404421,True,False,False,False,False,False,True,False,False,True,False,False,False,True,False,False,False,False,False,False,False,True,10,8,36,28,14,6,7,16,35484,1
18.0,19947157.0,4407693,True,False,False,False,True,False,False,False,True,False,False,False,False,False,False,True,False,False,False,False,True,False,11,8,36,37,5,0,4,8,37063,1
60.0,19822030.0,4380776,True,False,False,False,True,False,False,False,True,False,False,False,False,False,False,False,True,True,False,False,False,False,3,5,36,37,8,0,1,8,15651,1
32.0,20083131.0,4466536,False,True,False,False,False,True,False,False,True,False,False,False,True,False,False,False,False,True,False,False,False,False,7,5,36,37,5,0,7,8,427,1
23.0,0.0,4404420,False,True,False,False,False,False,True,False,False,False,True,False,False,True,False,False,False,False,False,False,False,True,10,2,36,28,16,0,7,0,20000,1
34.0,0.0,4421897,False,True,False,False,False,False,True,False,False,True,False,False,False,True,False,False,False,False,False,False,False,True,10,5,36,37,8,0,7,14,18028,1
62.0,20088398.0,4465371,False,True,False,True,False,False,False,False,True,False,False,False,True,False,False,False,False,True,False,False,False,False,11,2,36,37,8,0,7,8,17156,1
20.0,20012716.0,4433549,True,False,False,False,True,False,False,False,True,False,False,False,True,False,False,False,False,False,False,False,True,False,15,5,36,37,8,0,2,8,1998,1
35.0,20040806.0,4447626,False,True,False,False,True,False,False,False,True,False,False,False,True,False,False,False,False,True,False,False,False,False,6,8,36,37,8,6,1,8,23963,1
51.0,0.0,4472335,False,True,False,False,False,False,True,True,False,False,False,False,False,True,False,False,False,False,False,False,False,True,10,5,36,28,5,6,7,4,32768,1
42.0,20064392.0,4454052,False,True,False,False,True,False,False,False,True,False,False,False,False,False,True,False,False,True,False,False,False,False,10,13,36,37,17,7,1,8,2639,1
40.0,20036618.0,4422826,False,True,False,False,True,False,False,False,True,False,False,False,False,False,True,False,False,True,False,False,False,False,15,13,36,37,17,0,1,8,9852,1
34.0,20018875.0,4437642,False,False,True,False,True,False,False,False,True,False,False,False,False,False,True,False,False,True,False,False,False,False,15,5,36,37,5,0,1,8,1864,1
58.0,0.0,4430479,True,False,False,False,False,False,True,False,False,False,True,False,False,True,False,False,False,False,False,False,False,True,10,8,36,37,5,0,7,15,40185,1
90.0,0.0,4462331,True,False,False,False,False,False,True,False,False,False,True,False,False,True,False,False,False,False,False,False,False,True,10,8,36,37,8,0,7,1,24525,1
31.0,19858524.0,4396626,True,False,False,False,True,False,False,False,True,False,False,False,False,False,True,False,False,True,False,False,False,False,11,8,36,37,8,0,1,8,19620,1
68.0,0.0,4455073,True,False,False,False,False,False,True,False,False,False,True,False,False,True,False,False,False,False,False,False,False,True,10,8,36,37,8,0,7,2,1388,1
18.0,0.0,4466279,False,True,False,False,False,False,True,False,False,True,False,False,False,True,False,False,False,False,False,False,False,True,10,8,36,28,8,0,7,10,32710,1
29.0,0.0,4415911,False,True,False,False,False,False,True,False,False,True,False,False,False,True,False,False,False,False,False,False,False,True,10,8,36,28,14,0,7,10,13000,1
85.0,0.0,4436976,True,False,False,False,False,False,True,False,False,True,False,False,False,True,False,False,False,False,False,False,False,True,10,5,36,28,5,0,7,3,9170,1
34.0,0.0,4477393,False,True,False,False,False,False,True,False,False,False,True,False,False,True,False,False,False,False,False,False,False,True,10,8,36,37,8,6,7,15,15984,1
16.0,20102931.0,4464370,False,True,False,False,True,False,False,False,True,False,False,False,False,False,True,False,False,False,False,False,True,False,15,2,36,37,8,0,9,8,23104,1
53.0,19962618.0,4407073,False,True,False,False,True,False,False,False,True,False,False,False,False,False,True,False,False,True,False,False,False,False,15,13,36,37,8,6,1,8,38653,1
70.0,0.0,4456041,True,False,False,False,False,False,True,True,False,False,False,False,False,True,False,False,False,False,False,False,False,True,10,5,36,37,9,0,7,4,14160,1
50.0,0.0,4417575,False,True,False,False,False,False,True,False,False,False,True,False,False,True,False,False,False,False,False,False,False,True,10,5,36,37,14,0,7,1,44253,1
72.0,20078753.0,4459180,False,True,False,False,True,False,False,False,True,False,False,False,False,False,True,False,False,True,False,False,False,False,15,13,36,37,17,6,1,8,11522,1
10.0,20029168.0,4442158,True,False,False,False,True,False,False,False,True,False,False,False,False,False,True,False,False,False,False,False,True,False,10,8,36,37,5,0,2,8,14582,1
35.0,19969497.0,4411521,False,True,False,False,True,False,False,False,True,False,False,False,True,False,False,False,False,True,False,False,False,False,6,8,36,37,14,0,1,8,44369,1
23.0,20079377.0,4464988,False,True,False,False,True,False,False,False,True,False,False,False,True,False,False,False,False,True,False,False,False,False,11,8,36,37,17,7,1,8,35786,1
57.0,19953875.0,4407071,False,True,False,False,True,False,False,False,True,False,False,False,False,False,True,False,False,True,False,False,False,False,15,13,36,37,17,6,1,8,9875,1
58.0,19912917.0,4420981,False,True,False,True,False,False,False,False,True,False,False,False,False,False,True,False,False,True,False,False,False,False,7,8,36,37,5,0,7,8,3030,1
19.0,20062607.0,4457192,False,True,False,False,True,False,False,False,True,False,False,False,True,False,False,False,False,True,False,False,False,False,11,8,36,37,8,0,1,8,40197,1
43.0,19949679.0,4415906,False,True,False,False,False,True,False,False,True,False,False,False,True,False,False,False,False,True,False,False,False,False,6,8,36,37,8,6,7,8,23940,1
20.0,0.0,4445443,True,False,False,False,False,False,True,False,False,True,False,False,False,True,False,False,False,False,False,False,False,True,10,8,36,37,8,0,7,9,992,1
43.0,0.0,4411011,False,True,False,False,False,False,True,False,False,True,False,False,False,True,False,False,False,False,False,False,False,True,10,5,36,37,8,0,7,10,24295,1
61.0,0.0,4401009,False,True,False,False,False,False,True,False,False,False,True,False,False,True,False,False,False,False,False,False,False,True,10,5,32,28,8,6,7,0,18006,1
36.0,19975002.0,4426253,False,True,False,False,True,False,False,False,True,False,False,False,True,False,False,False,False,True,False,False,False,False,6,0,36,37,16,0,1,8,22604,1
29.0,20034584.0,4444800,False,True,False,False,True,False,False,False,True,False,False,False,True,False,False,False,False,True,False,False,False,False,6,8,36,37,8,6,1,8,28288,1
4.0,0.0,4381540,False,True,False,False,False,False,True,False,False,True,False,False,False,True,False,False,False,False,False,False,False,True,10,8,36,37,5,0,7,3,19090,1
22.0,19972242.0,4433109,False,True,False,False,True,False,False,False,True,False,False,False,True,False,False,False,False,True,False,False,False,False,6,8,36,37,8,6,1,8,18808,1
63.0,0.0,4472717,False,True,False,False,False,False,True,False,False,False,True,False,False,True,False,False,False,False,False,False,False,True,10,5,26,33,8,0,7,0,18168,1
27.0,0.0,4468965,True,False,False,False,False,False,True,False,False,True,False,False,False,True,False,False,False,False,False,False,False,True,10,8,36,28,8,6,7,3,20822,1
25.0,20086728.0,4468192,False,True,False,False,True,False,False,False,True,False,False,False,True,False,False,False,False,True,False,False,False,False,11,8,36,37,8,0,1,8,4116,1
60.0,0.0,4385848,False,True,False,False,False,False,True,False,False,True,False,False,False,True,False,False,False,False,False,False,False,True,10,2,36,28,8,0,7,3,7788,1
43.0,0.0,4470592,False,True,False,False,False,False,True,False,False,True,False,False,False,True,False,False,False,False,False,False,False,True,10,8,36,28,14,0,7,10,43072,1
38.0,0.0,4461668,False,True,False,False,False,False,True,False,False,True,False,False,False,True,False,False,False,False,False,False,False,True,10,5,36,28,8,0,7,3,15080,1
22.0,20088723.0,4468548,True,False,False,False,True,False,False,False,True,False,False,False,False,False,True,False,False,False,False,False,True,False,11,8,36,37,8,0,4,8,36798,1
34.0,20095966.0,4460303,False,True,False,False,True,False,False,False,True,False,False,False,True,False,False,False,False,True,False,False,False,False,6,5,36,37,8,0,1,8,13804,1
22.0,20065679.0,4458952,False,True,False,False,True,False,False,False,True,False,False,False,True,False,False,False,False,True,False,False,False,False,11,8,36,37,8,0,1,8,1534,1
57.0,0.0,4410387,True,False,False,False,False,False,True,False,False,False,True,False,False,True,False,False,False,False,False,False,False,True,10,2,36,37,5,0,7,1,37051,1
34.0,0.0,4384771,False,True,False,False,False,False,True,False,False,True,False,False,False,True,False,False,False,False,False,False,False,True,10,13,36,37,17,0,7,3,29216,1
41.0,0.0,4441729,False,True,False,False,False,False,True,False,False,False,True,False,False,True,False,False,False,False,False,False,False,True,10,8,36,28,7,0,7,0,14850,1
31.0,20053943.0,4442673,False,True,False,False,True,False,False,False,True,False,False,False,True,False,False,False,False,True,False,False,False,False,11,8,36,37,8,0,1,8,17554,1
25.0,19986169.0,4430850,False,True,False,False,True,False,False,False,True,False,False,False,False,False,True,False,False,False,False,False,True,False,6,5,36,37,5,0,4,8,14420,1
29.0,19984659.0,4417621,False,True,False,False,True,False,False,False,True,False,False,False,True,False,False,False,False,True,False,False,False,False,11,8,36,37,8,6,1,8,37364,1
23.0,20065283.0,4451296,False,True,False,False,True,False,False,False,True,False,False,False,True,False,False,False,False,True,False,False,False,False,11,8,36,37,8,6,1,8,13332,1
74.0,0.0,4418336,True,False,False,False,False,False,True,False,False,False,True,False,False,True,False,False,False,False,False,False,False,True,10,8,36,37,8,0,7,3,19675,1
58.0,20099711.0,4474072,False,True,False,True,False,False,False,False,True,False,False,False,False,False,True,False,False,True,False,False,False,False,8,5,36,37,5,0,7,8,12237,1
70.0,19858243.0,4392412,False,True,False,False,True,False,False,False,True,False,False,False,False,False,True,False,False,True,False,False,False,False,3,5,36,37,8,6,1,8,19652,1
58.0,0.0,4472056,False,True,False,False,False,False,True,False,False,True,False,False,False,True,False,False,False,False,False,False,False,True,10,8,36,28,5,0,7,10,45074,1
34.0,0.0,4457191,True,False,False,False,False,False,True,True,False,False,False,False,False,True,False,False,False,False,False,False,False,True,10,5,36,37,5,0,7,9,3155,1
27.0,20022909.0,4439505,False,True,False,False,False,True,False,False,True,False,False,False,True,False,False,False,False,True,False,False,False,False,11,8,36,37,8,6,7,8,1365,1
38.0,0.0,4399035,False,True,False,False,False,False,True,False,False,False,True,False,False,True,False,False,False,False,False,False,False,True,10,8,36,21,14,6,7,15,6415,1
29.0,20027272.0,4441449,False,True,False,False,True,False,False,False,True,False,False,False,False,False,True,False,False,True,False,False,False,False,15,2,36,37,8,0,1,8,5673,1
58.0,0.0,4417604,False,True,False,False,False,False,True,False,False,False,True,False,False,True,False,False,False,False,False,False,False,True,10,5,36,28,8,0,7,0,5441,1
64.0,19952403.0,4407509,False,True,False,False,False,True,False,False,True,False,False,False,False,False,True,False,False,True,False,False,False,False,11,2,36,37,8,0,7,8,32758,1
39.0,0.0,4471036,True,False,False,False,False,False,True,False,False,False,True,False,False,True,False,False,False,False,False,False,False,True,10,5,36,28,5,6,7,3,35038,1
27.0,19996811.0,4426262,False,True,False,False,True,False,False,False,True,False,False,False,True,False,False,False,False,True,False,False,False,False,6,8,36,37,8,6,1,8,45401,1
52.0,19952714.0,4399845,False,True,False,False,True,False,False,False,True,False,False,False,False,False,True,False,False,True,False,False,False,False,9,3,36,37,6,2,1,8,28358,1
39.0,20033987.0,4444034,False,True,False,False,True,False,False,False,True,False,False,False,True,False,False,False,False,True,False,False,False,False,8,11,36,37,2,1,1,8,33744,1
26.0,20056681.0,4450581,False,True,False,False,False,True,False,False,True,False,False,False,True,False,False,False,False,True,False,False,False,False,11,8,36,37,8,6,7,8,34818,1
44.0,0.0,4452540,True,False,False,False,False,False,True,False,False,True,False,False,False,True,False,False,False,False,False,False,False,True,10,8,36,37,8,0,7,9,42202,1
26.0,19844355.0,4390593,False,True,False,True,False,False,False,False,True,False,False,False,False,False,True,False,False,True,False,False,False,False,6,0,36,37,8,0,7,8,32695,1
45.0,19982194.0,4408694,False,True,False,False,True,False,False,False,True,False,False,False,True,False,False,False,False,True,False,False,False,False,6,8,36,37,14,6,1,8,33698,1
41.0,20023883.0,4439921,False,True,False,False,True,False,False,False,True,False,False,False,True,False,False,False,False,True,False,False,False,False,11,8,36,37,8,0,1,8,10932,1
38.0,20080066.0,4465373,False,True,False,False,True,False,False,False,True,False,False,False,False,False,True,False,False,True,False,False,False,False,0,13,36,37,8,0,1,8,36578,1
69.0,0.0,4451303,True,False,False,False,False,False,True,False,False,False,True,False,False,True,False,False,False,False,False,False,False,True,10,8,36,37,8,6,7,1,11306,1
45.0,20036958.0,4445781,False,True,False,False,True,False,False,False,True,False,False,False,True,False,False,False,False,True,False,False,False,False,7,5,36,37,8,0,8,8,22310,1
24.0,0.0,4396617,True,False,False,False,False,False,True,False,False,True,False,False,False,True,False,False,False,False,False,False,False,True,10,8,36,28,8,0,7,3,6047,1
31.0,20029168.0,4442158,True,False,False,False,True,False,False,False,True,False,False,False,False,False,True,False,False,True,False,False,False,False,10,5,36,37,5,0,1,8,41003,1
75.0,0.0,4395993,False,True,False,False,False,False,True,False,False,True,False,False,False,True,False,False,False,False,False,False,False,True,10,8,26,28,8,0,7,3,25785,1
66.0,20088710.0,4469160,False,True,False,False,False,True,False,False,True,False,False,False,True,False,False,False,False,True,False,False,False,False,11,8,36,37,9,1,7,8,11891,1
66.0,20103622.0,4467708,False,True,False,False,True,False,False,False,True,False,False,False,False,False,True,False,False,True,False,False,False,False,10,13,36,37,17,6,1,8,42157,1
49.0,19995918.0,4428756,False,True,False,False,True,False,False,False,True,False,False,False,True,False,False,False,False,True,False,False,False,False,6,8,36,37,8,0,1,8,41745,1
52.0,0.0,4419564,False,True,False,False,False,False,True,False,False,False,True,False,False,True,False,False,False,False,False,False,False,True,10,8,36,28,8,0,7,0,5279,1
29.0,0.0,4438609,False,True,False,False,False,False,True,False,False,False,True,False,False,True,False,False,False,False,False,False,False,True,10,5,36,37,8,0,7,10,36891,1
81.0,0.0,4384065,False,True,False,False,False,False,True,False,False,True,False,False,False,True,False,False,False,False,False,False,False,True,10,5,26,1,2,0,7,3,24485,1
21.0,19993860.0,4413273,False,True,False,False,True,False,False,False,True,False,False,False,False,False,True,False,False,True,False,False,False,False,10,8,36,37,8,6,1,8,17941,1
59.0,0.0,4406375,False,True,False,False,False,False,True,False,False,True,False,False,False,True,False,False,False,False,False,False,False,True,10,5,36,37,17,6,7,9,28070,1
39.0,0.0,4422372,True,False,False,False,False,False,True,False,False,False,True,False,False,True,False,False,False,False,False,False,False,True,10,5,36,37,5,0,7,1,31036,1
73.0,0.0,4456872,True,False,False,False,False,False,True,False,False,True,False,False,False,True,False,False,False,False,False,False,False,True,10,8,36,28,5,6,7,3,2486,1
54.0,0.0,4435313,False,True,False,False,False,False,True,False,False,True,False,False,False,True,False,False,False,False,False,False,False,True,10,8,36,37,8,0,7,0,4112,1
38.0,20000982.0,4421887,False,True,False,False,False,True,False,False,True,False,False,False,True,False,False,False,False,True,False,False,False,False,11,5,36,37,2,1,7,8,10950,1
32.0,0.0,4395193,True,False,False,False,False,False,True,False,False,False,True,False,False,True,False,False,False,False,False,False,False,True,10,5,36,37,5,0,7,2,19453,1
95.0,19960804.0,4404594,True,False,False,False,True,False,False,False,True,False,False,False,False,False,True,False,False,False,False,False,True,False,15,2,36,37,8,0,6,8,6781,1
33.0,0.0,4470590,False,True,False,False,False,False,True,False,False,True,False,False,False,True,False,False,False,False,False,False,False,True,10,5,36,28,5,0,7,3,26572,1
72.0,0.0,4392149,False,True,False,False,False,False,True,False,False,False,True,False,False,True,False,False,False,False,False,False,False,True,10,5,36,37,8,6,7,1,7979,1
54.0,0.0,4445446,False,True,False,False,False,False,True,False,False,True,False,False,False,True,False,False,False,False,False,False,False,True,10,8,36,37,8,0,7,10,15795,1
2.0,0.0,4470595,True,False,False,False,False,False,True,False,False,True,False,False,False,True,False,False,False,False,False,False,False,True,10,5,36,37,8,0,7,5,1945,1
43.0,0.0,4407069,False,True,False,False,False,False,True,False,False,False,True,False,False,True,False,False,False,False,False,False,False,True,10,8,36,28,8,6,7,10,16667,1
25.0,19973415.0,4420310,True,False,False,False,True,False,False,False,True,False,False,False,False,False,True,False,False,True,False,False,False,False,11,8,36,37,5,0,1,8,12384,1
86.0,0.0,4383926,False,True,False,False,False,False,True,False,False,False,True,False,False,True,False,False,False,False,False,False,False,True,10,8,36,37,17,1,7,1,7087,1
29.0,19856537.0,4382059,False,True,False,True,False,False,False,False,True,False,False,False,False,False,True,False,False,True,False,False,False,False,11,8,36,37,8,0,7,8,6734,1
72.0,0.0,4408063,True,False,False,False,False,False,True,False,False,True,False,False,False,True,False,False,False,False,False,False,False,True,10,8,36,37,5,0,7,15,6328,1
69.0,0.0,4474547,False,True,False,False,False,False,True,False,False,True,False,False,False,True,False,False,False,False,False,False,False,True,10,8,36,28,8,6,7,3,19488,1
47.0,20016563.0,4432163,False,True,False,False,True,False,False,False,True,False,False,False,False,False,True,False,False,True,False,False,False,False,3,5,36,37,5,0,1,8,9584,1
53.0,20006251.0,4426623,False,True,False,False,True,False,False,False,True,False,False,False,False,False,True,False,False,True,False,False,False,False,10,8,36,37,8,6,1,8,6575,1
65.0,0.0,4425001,True,False,False,False,False,False,True,False,False,False,True,False,False,True,False,False,False,False,False,False,False,True,10,8,36,37,8,6,7,1,25288,1
48.0,20029825.0,4442678,False,True,False,False,True,False,False,False,True,False,False,False,True,False,False,False,False,True,False,False,False,False,6,8,36,37,1,0,1,8,4132,1
43.0,0.0,4440770,False,True,False,False,False,False,True,False,False,True,False,False,False,True,False,False,False,False,False,False,False,True,10,0,36,28,5,0,7,10,23778,1
57.0,20046707.0,4444048,False,True,False,False,True,False,False,False,True,False,False,False,True,False,False,False,False,True,False,False,False,False,6,10,36,37,7,1,1,8,26116,1
46.0,0.0,4420041,False,True,False,False,False,False,True,False,False,False,True,False,False,True,False,False,False,False,False,False,False,True,10,8,36,33,8,0,7,0,16566,1
42.0,19838498.0,4387784,False,True,False,False,True,False,False,False,True,False,False,False,False,False,False,False,True,True,False,False,False,False,11,5,36,37,8,0,1,8,43620,1
61.0,20012863.0,4415909,False,True,False,False,True,False,False,False,True,False,False,False,False,False,True,False,False,True,False,False,False,False,10,8,36,37,5,0,1,8,19459,1
21.0,20073342.0,4452542,False,True,False,False,True,False,False,False,True,False,False,False,False,False,True,False,False,True,False,False,False,False,0,8,36,37,8,6,1,8,28072,1
43.0,0.0,4452278,False,True,False,False,False,False,True,False,False,False,True,False,False,True,False,False,False,False,False,False,False,True,10,8,32,28,2,1,7,0,3617,1
77.0,0.0,4410392,True,False,False,False,False,False,True,False,False,False,True,False,False,True,False,False,False,False,False,False,False,True,10,8,36,37,8,0,7,1,2450,1
19.0,20074957.0,4454785,False,True,False,False,True,False,False,False,True,False,False,False,False,False,True,False,False,False,False,False,True,False,11,13,36,37,17,0,9,8,30388,1
58.0,19947565.0,4397845,False,True,False,False,True,False,False,False,True,False,False,False,True,False,False,False,False,True,False,False,False,False,6,8,36,37,5,0,1,8,3050,1
52.0,0.0,4406821,False,True,False,False,False,False,True,False,False,False,True,False,False,True,False,False,False,False,False,False,False,True,10,8,36,37,14,1,7,16,22816,1
92.0,19981265.0,4396621,False,True,False,False,True,False,False,False,True,False,False,False,False,False,True,False,False,True,False,False,False,False,3,2,36,37,8,1,1,8,11857,1
51.0,0.0,4388187,False,True,False,False,False,False,True,False,False,True,False,False,False,True,False,False,False,False,False,False,False,True,10,2,36,28,8,0,7,10,6430,1
34.0,0.0,4403290,False,True,False,False,False,False,True,False,False,True,False,False,False,True,False,False,False,False,False,False,False,True,10,5,36,28,5,0,7,9,1603,1
28.0,20047642.0,4419561,False,True,False,False,True,False,False,False,True,False,False,False,False,False,True,False,False,False,False,False,True,False,15,5,36,37,5,6,2,8,23653,1
23.0,19962360.0,4409176,False,True,False,False,True,False,False,False,True,False,False,False,False,False,True,False,False,False,False,False,True,False,3,2,36,37,8,0,2,8,5343,1
42.0,19949654.0,4397849,False,True,False,False,True,False,False,False,True,False,False,False,True,False,False,False,False,True,False,False,False,False,6,8,36,37,5,6,8,8,12297,1
51.0,20103301.0,4469899,False,True,False,False,True,False,False,False,True,False,False,False,True,False,False,False,False,True,False,False,False,False,6,0,36,37,8,6,1,8,36932,1
24.0,20060359.0,4456653,False,True,False,True,False,False,False,False,True,False,False,False,True,False,False,False,False,True,False,False,False,False,11,8,36,37,8,0,7,8,16160,1
40.0,20080343.0,4464778,False,True,False,False,True,False,False,False,True,False,False,False,True,False,False,False,False,True,False,False,False,False,6,8,36,37,8,0,1,8,43506,1
45.0,20066756.0,4452541,False,True,False,False,True,False,False,False,True,False,False,False,True,False,False,False,False,True,False,False,False,False,6,8,36,37,8,0,1,8,26800,1
31.0,0.0,4462333,True,False,False,False,False,False,True,True,False,False,False,False,False,True,False,False,False,False,False,False,False,True,10,5,36,37,8,0,7,10,39270,1
38.0,19959792.0,4422371,False,True,False,False,True,False,False,False,True,False,False,False,True,False,False,False,False,True,False,False,False,False,6,8,36,37,8,0,1,8,535,1
22.0,20094167.0,4410389,False,True,False,False,True,False,False,False,True,False,False,False,True,False,False,False,False,True,False,False,False,False,11,8,36,37,5,0,8,8,28740,1
40.0,0.0,4381003,False,True,False,False,False,False,True,False,False,True,False,False,False,True,False,False,False,False,False,False,False,True,10,8,36,37,14,0,7,3,940,1
30.0,19860823.0,4397902,True,False,False,False,True,False,False,False,True,False,False,False,False,False,True,False,False,False,False,False,True,False,3,8,36,37,16,0,2,8,36883,1
56.0,20030324.0,4443102,True,False,False,True,False,False,False,False,True,False,False,False,True,False,False,False,False,True,False,False,False,False,11,8,36,37,17,6,7,8,27012,1
57.0,0.0,4426252,True,False,False,False,False,False,True,False,False,False,True,False,False,True,False,False,False,False,False,False,False,True,10,2,36,37,8,0,7,15,27818,1
44.0,0.0,4423067,False,True,False,False,False,False,True,False,False,True,False,False,False,True,False,False,False,False,False,False,False,True,10,8,26,28,5,0,7,2,9099,1
23.0,20008986.0,4432786,False,True,False,False,True,False,False,False,True,False,False,False,False,False,True,False,False,False,False,False,True,False,11,8,36,37,8,0,2,8,16221,1
33.0,19992731.0,4413106,False,True,False,False,True,False,False,False,True,False,False,False,True,False,False,False,False,True,False,False,False,False,11,8,36,37,3,6,1,8,27077,1
23.0,0.0,4410383,False,True,False,False,False,False,True,False,False,True,False,False,False,True,False,False,False,False,False,False,False,True,10,8,36,37,5,0,7,10,30687,1
46.0,0.0,4420041,False,True,False,False,False,False,True,False,False,False,True,False,False,True,False,False,False,False,False,False,False,True,10,8,36,33,8,0,7,0,27492,1
18.0,19990945.0,4426256,False,True,False,False,True,False,False,False,True,False,False,False,False,False,True,False,False,False,False,False,True,False,11,8,36,37,16,6,9,8,21785,1
6.0,0.0,4394263,False,True,False,False,False,False,True,False,False,True,False,False,False,True,False,False,False,False,False,False,False,True,10,8,36,37,5,0,7,5,4771,1
39.0,20025479.0,4435874,False,True,False,False,True,False,False,False,True,False,False,False,False,False,False,False,True,True,False,False,False,False,3,8,36,37,8,6,1,8,19095,1
29.0,20040624.0,4447625,False,True,False,False,False,True,False,False,True,False,False,False,True,False,False,False,False,True,False,False,False,False,11,5,36,37,8,0,7,8,4236,1
35.0,0.0,4466053,False,True,False,False,False,False,True,True,False,False,False,False,False,True,False,False,False,False,False,False,False,True,10,5,36,37,8,0,7,10,39895,1
55.0,20087193.0,4468597,False,True,False,True,False,False,False,False,True,False,False,False,True,False,False,False,False,True,False,False,False,False,11,8,36,37,8,0,7,8,22052,1
25.0,19983427.0,4430829,False,True,False,False,False,True,False,False,True,False,False,False,True,False,False,False,False,True,False,False,False,False,11,8,36,37,14,0,7,8,24302,1
64.0,0.0,4404422,True,False,False,False,False,False,True,False,False,False,True,False,False,True,False,False,False,False,False,False,False,True,10,8,36,37,8,4,7,1,23950,1
34.0,20020600.0,4438604,False,True,False,False,True,False,False,False,True,False,False,False,True,False,False,False,False,True,False,False,False,False,3,8,36,37,8,0,1,8,17634,1
69.0,20021237.0,4403297,False,True,False,False,True,False,False,False,True,False,False,False,False,False,True,False,False,True,False,False,False,False,10,2,36,37,8,0,1,8,28939,1
37.0,19986848.0,4412249,False,True,False,False,True,False,False,False,True,False,False,False,True,False,False,False,False,True,False,False,False,False,6,8,36,37,8,0,1,8,14460,1
18.0,20053433.0,4449820,True,False,False,False,True,False,False,False,True,False,False,False,False,False,True,False,False,True,False,False,False,False,0,5,36,37,5,0,1,8,44632,1
27.0,20041021.0,4447613,False,True,False,False,True,False,False,False,True,False,False,False,True,False,False,False,False,True,False,False,False,False,0,5,36,37,8,6,1,8,41594,1
56.0,20064678.0,4458131,False,True,False,False,True,False,False,False,True,False,False,False,True,False,False,False,False,True,False,False,False,False,6,8,36,37,8,6,1,8,29967,1
69.0,0.0,4420918,True,False,False,False,False,False,True,False,False,True,False,False,False,True,False,False,False,False,False,False,False,True,10,5,36,37,12,1,7,2,18024,1
52.0,0.0,4450832,False,True,False,False,False,False,True,False,False,False,False,True,False,True,False,False,False,False,False,False,False,True,10,13,36,37,17,0,7,15,42644,1
23.0,19834145.0,4385852,False,True,False,False,True,False,False,False,True,False,False,False,False,False,True,False,False,False,False,False,True,False,3,5,36,37,8,0,2,8,43149,1
62.0,0.0,4453656,True,False,False,False,False,False,True,False,False,True,False,False,False,True,False,False,False,False,False,False,False,True,10,5,36,28,5,0,7,3,18905,1
32.0,19996639.0,4415647,False,True,False,False,True,False,False,False,True,False,False,False,True,False,False,False,False,True,False,False,False,False,6,5,36,37,8,0,1,8,44546,1
26.0,19978486.0,4411518,False,True,False,False,True,False,False,False,True,False,False,False,False,False,True,False,False,False,False,False,True,False,15,8,36,37,8,0,6,8,12529,1
97.0,0.0,4405393,False,True,False,False,False,False,True,False,False,True,False,False,False,True,False,False,False,False,False,False,False,True,10,2,36,37,8,4,7,9,13796,1
25.0,20047642.0,4419561,False,True,False,False,True,False,False,False,True,False,False,False,False,False,True,False,False,False,False,False,True,False,15,5,36,37,5,6,6,8,10421,1
68.0,19858243.0,4392412,True,False,False,False,True,False,False,False,True,False,False,False,False,False,True,False,False,False,False,False,True,False,3,5,36,37,5,0,2,8,1451,1
32.0,20027465.0,4441354,False,True,False,False,True,False,False,False,True,False,False,False,False,False,True,False,False,True,False,False,False,False,11,8,36,37,14,0,1,8,23025,1
57.0,20077708.0,4427132,False,True,False,False,True,False,False,False,True,False,False,False,False,False,True,False,False,True,False,False,False,False,10,13,36,37,17,0,1,8,22940,1
61.0,0.0,4397262,True,False,False,False,False,False,True,False,False,False,True,False,False,True,False,False,False,False,False,False,False,True,10,5,36,37,8,0,7,2,36688,1
30.0,20091024.0,4467504,False,True,False,False,True,False,False,False,True,False,False,False,False,False,True,False,False,True,False,False,False,False,11,8,36,37,8,0,1,8,4774,1
64.0,0.0,4389661,True,False,False,False,False,False,True,False,False,False,True,False,False,True,False,False,False,False,False,False,False,True,10,10,36,37,8,1,7,1,34191,1
36.0,20102373.0,4475458,False,True,False,False,True,False,False,False,True,False,False,False,True,False,False,False,False,True,False,False,False,False,11,8,36,37,8,0,1,8,37542,1
39.0,20075565.0,4463262,False,True,False,False,False,True,False,False,True,False,False,False,True,False,False,False,False,True,False,False,False,False,11,8,36,37,14,0,7,8,33290,1
80.0,0.0,4478022,False,True,False,False,False,False,True,False,False,True,False,False,False,True,False,False,False,False,False,False,False,True,10,8,36,28,8,6,7,10,33810,1
70.0,0.0,4422373,False,True,False,False,False,False,True,False,False,True,False,False,False,True,False,False,False,False,False,False,False,True,10,8,36,37,8,0,7,15,18246,1
39.0,0.0,4408961,False,True,False,False,False,False,True,False,False,True,False,False,False,True,False,False,False,False,False,False,False,True,10,8,36,37,5,0,7,9,12223,1
57.0,19822030.0,4380776,False,True,False,False,True,False,False,False,True,False,False,False,False,False,False,False,True,False,False,False,True,False,3,5,36,37,8,0,2,8,3215,1
37.0,19946941.0,4429676,False,True,False,False,True,False,False,False,True,False,False,False,True,False,False,False,False,True,False,False,False,False,11,8,36,37,8,0,1,8,13099,1
31.0,20005608.0,4427753,False,True,False,False,True,False,False,False,True,False,False,False,False,False,True,False,False,True,False,False,False,False,6,8,36,37,8,6,1,8,38641,1
56.0,0.0,4477266,True,False,False,False,False,False,True,False,False,True,False,False,False,True,False,False,False,False,False,False,False,True,10,5,36,28,8,0,7,10,30158,1
2.0,0.0,4472716,True,False,False,False,False,False,True,False,False,False,True,False,False,True,False,False,False,False,False,False,False,True,10,5,36,37,8,0,7,15,42028,1
26.0,20068627.0,4455733,False,True,False,False,True,False,False,False,True,False,False,False,True,False,False,False,False,True,False,False,False,False,6,8,36,37,5,6,8,8,12435,1
44.0,20071922.0,4461286,False,True,False,True,False,False,False,False,True,False,False,False,True,False,False,False,False,True,False,False,False,False,11,8,36,37,8,0,7,8,40394,1
24.0,19986231.0,4419608,False,True,False,False,True,False,False,False,True,False,False,False,False,False,False,False,True,True,False,False,False,False,0,5,36,37,8,0,1,8,40349,1
46.0,20104858.0,4476600,False,True,False,False,True,False,False,False,True,False,False,False,True,False,False,False,False,True,False,False,False,False,11,8,36,37,8,0,1,8,43605,1
67.0,20013106.0,4433274,False,True,False,True,False,False,False,False,True,False,False,False,True,False,False,False,False,True,False,False,False,False,11,8,36,37,8,0,7,8,45191,1
24.0,19991149.0,4410388,False,True,False,False,False,True,False,False,True,False,False,False,True,False,False,False,False,True,False,False,False,False,11,8,36,37,8,0,7,8,36482,1
84.0,0.0,4394172,True,False,False,False,False,False,True,False,False,False,True,False,False,True,False,False,False,False,False,False,False,True,10,8,36,37,9,5,7,1,21145,1
73.0,0.0,4418820,True,False,False,False,False,False,True,False,False,True,False,False,False,True,False,False,False,False,False,False,False,True,10,8,36,28,8,0,7,14,32268,1
22.0,19986231.0,4419608,True,False,False,False,True,False,False,False,True,False,False,False,False,False,False,False,True,False,False,False,True,False,0,8,36,37,8,0,2,8,33054,1
46.0,0.0,4443281,False,True,False,False,False,False,True,False,False,True,False,False,False,True,False,False,False,False,False,False,False,True,10,0,36,37,5,0,7,9,34032,1
62.0,0.0,4412948,True,False,False,False,False,False,True,False,False,False,True,False,False,True,False,False,False,False,False,False,False,True,10,8,26,33,14,0,7,0,43322,1
16.0,19830661.0,4383881,False,True,False,False,True,False,False,False,True,False,False,False,True,False,False,False,False,True,False,False,False,False,15,5,36,37,5,0,1,8,45307,1
33.0,20016595.0,4436428,True,False,False,False,True,False,False,False,True,False,False,False,False,False,False,False,True,True,False,False,False,False,15,8,36,37,16,0,1,8,44770,1
42.0,20013939.0,4435311,False,True,False,False,True,False,False,False,True,False,False,False,True,False,False,False,False,True,False,False,False,False,6,8,36,37,8,0,1,8,3908,1
36.0,0.0,4444798,True,False,False,False,False,False,True,False,False,False,True,False,False,True,False,False,False,False,False,False,False,True,10,8,36,37,8,0,7,15,21676,1
81.0,0.0,4410382,True,False,False,False,False,False,True,False,False,False,True,False,False,True,False,False,False,False,False,False,False,True,10,8,36,37,9,6,7,1,967,1
84.0,0.0,4387714,False,True,False,False,False,False,True,False,False,False,True,False,False,True,False,False,False,False,False,False,False,True,10,10,36,28,12,0,7,0,12988,1
31.0,0.0,4394349,False,True,False,False,False,False,True,False,False,False,True,False,False,True,False,False,False,False,False,False,False,True,10,2,36,37,16,1,7,15,23187,1
21.0,19859691.0,4397315,False,True,False,False,True,False,False,False,True,False,False,False,False,False,True,False,False,False,False,False,True,False,10,11,36,37,18,1,1,8,17958,0
27.0,19945353.0,4405449,False,True,False,False,True,False,False,False,True,False,False,False,True,False,False,False,False,True,False,False,False,False,11,10,36,37,7,1,1,8,6285,0
35.0,20036538.0,4445720,True,False,False,False,True,False,False,False,True,False,False,False,False,False,True,False,False,True,False,False,False,False,10,1,36,37,2,1,1,8,22291,0
39.0,19835501.0,4385921,False,True,False,False,True,False,False,False,True,False,False,False,False,False,True,False,False,True,False,False,False,False,15,13,36,37,2,1,1,8,24749,0
24.0,20043952.0,4449008,True,False,False,False,True,False,False,False,True,False,False,False,False,False,True,False,False,True,False,False,False,False,10,12,36,37,2,1,1,8,19200,0
23.0,19971020.0,4404162,False,True,False,False,True,False,False,False,True,False,False,False,False,False,True,False,False,True,False,False,False,False,10,10,36,37,2,1,1,8,25381,0
38.0,19988429.0,4410441,False,True,False,False,True,False,False,False,True,False,False,False,False,False,True,False,False,True,False,False,False,False,10,8,36,37,9,1,1,8,42274,0
27.0,20104755.0,4476382,False,True,False,True,False,False,False,False,True,False,False,False,False,False,True,False,False,True,False,False,False,False,7,5,36,37,2,1,7,8,38788,0
35.0,19980714.0,4409253,False,True,False,False,True,False,False,False,True,False,False,False,False,False,True,False,False,True,False,False,False,False,10,1,36,37,2,1,1,8,18619,0
34.0,19999640.0,4422498,False,True,False,False,True,False,False,False,True,False,False,False,False,False,True,False,False,True,False,False,False,False,10,4,36,37,2,5,1,8,12920,0
59.0,0.0,4446918,False,True,False,False,False,False,True,False,False,False,True,False,False,True,False,False,False,False,False,False,False,True,10,4,36,37,4,1,7,1,18497,0
70.0,20106921.0,4477375,True,False,False,False,True,False,False,False,True,False,False,False,False,False,True,False,False,True,False,False,False,False,3,5,36,37,2,1,1,8,30424,0
45.0,19953336.0,4411609,False,True,False,False,True,False,False,False,True,False,False,False,False,False,True,False,False,False,False,False,True,False,10,1,36,37,4,1,4,8,5238,0
42.0,20072908.0,4462048,True,False,False,False,True,False,False,False,True,False,False,False,False,False,True,False,False,True,False,False,False,False,10,11,36,37,2,1,1,8,25826,0
23.0,19841710.0,4389249,False,True,False,False,True,False,False,False,True,False,False,False,False,False,True,False,False,True,False,False,False,False,3,8,36,37,2,1,1,8,24507,0
24.0,19983449.0,4414975,False,True,False,False,True,False,False,False,True,False,False,False,False,False,True,False,False,True,False,False,False,False,10,12,36,37,2,1,1,8,15790,0
44.0,20030962.0,4442948,False,True,False,False,True,False,False,False,True,False,False,False,False,False,True,False,False,True,False,False,False,False,11,10,36,37,9,7,1,8,33405,0
65.0,20030583.0,4443141,True,False,False,False,True,False,False,False,True,False,False,False,False,False,True,False,False,False,False,False,True,False,9,11,36,37,2,1,2,8,21579,0
31.0,20032642.0,4443965,True,False,False,True,False,False,False,False,True,False,False,False,False,False,True,False,False,True,False,False,False,False,11,0,36,37,2,1,7,8,36315,0
67.0,20089876.0,4469364,False,True,False,False,True,False,False,False,True,False,False,False,False,False,True,False,False,True,False,False,False,False,10,9,36,37,2,1,1,8,1599,0
34.0,0.0,4414485,True,False,False,False,False,False,True,False,False,False,True,False,False,True,False,False,False,False,False,False,False,True,10,10,36,37,2,1,7,1,19303,0
51.0,19988028.0,4418727,False,True,False,False,True,False,False,False,True,False,False,False,False,False,True,False,False,False,False,False,True,False,10,1,36,37,2,1,2,8,18481,0
44.0,19979918.0,4417788,True,False,False,False,True,False,False,False,True,False,False,False,False,False,True,False,False,True,False,False,False,False,10,5,36,37,12,1,1,8,32355,0
30.0,20042595.0,4448296,True,False,False,False,True,False,False,False,True,False,False,False,False,False,True,False,False,True,False,False,False,False,15,11,36,37,18,1,1,8,18527,0
25.0,20024889.0,4438736,False,True,False,False,True,False,False,False,True,False,False,False,False,False,True,False,False,False,False,False,True,False,15,7,36,37,9,1,2,8,41782,0
33.0,20083973.0,4466963,True,False,False,False,True,False,False,False,True,False,False,False,False,False,True,False,False,True,False,False,False,False,10,5,36,37,2,1,1,8,3675,0
56.0,20088653.0,4453794,True,False,False,False,True,False,False,False,True,False,False,False,False,False,True,False,False,False,False,False,True,False,10,11,36,37,2,1,2,8,9944,0
28.0,0.0,4401559,False,True,False,False,False,False,True,False,False,False,True,False,False,True,False,False,False,False,False,False,False,True,10,4,36,30,4,1,7,10,45503,0
19.0,19959024.0,4405404,True,False,False,False,True,False,False,False,True,False,False,False,False,False,True,False,False,False,False,False,True,False,10,1,36,37,2,1,9,8,37879,0
32.0,19990327.0,4433862,True,False,False,False,True,False,False,False,True,False,False,False,False,False,True,False,False,False,False,False,True,False,10,1,36,37,2,1,9,8,43263,0
35.0,19957515.0,4407894,False,True,False,False,True,False,False,False,True,False,False,False,False,False,True,False,False,True,False,False,False,False,10,8,36,37,2,7,1,8,13747,0
34.0,19862156.0,4398348,False,True,False,False,True,False,False,False,True,False,False,False,False,False,True,False,False,False,False,False,True,False,4,13,36,37,17,1,6,8,2983,0
57.0,19865111.0,4399568,False,True,False,False,True,False,False,False,True,False,False,False,False,False,True,False,False,True,False,False,False,False,10,8,36,37,2,1,1,8,11516,0
21.0,20105699.0,4476865,False,True,False,False,True,False,False,False,True,False,False,False,False,False,True,False,False,True,False,False,False,False,10,11,36,37,2,1,1,8,3345,0
54.0,19953835.0,4402328,True,False,False,False,True,False,False,False,True,False,False,False,False,False,True,False,False,False,False,False,True,False,10,1,36,37,2,1,9,8,19410,0
45.0,20011009.0,4420856,False,True,False,False,True,False,False,False,True,False,False,False,True,False,False,False,False,True,False,False,False,False,11,10,36,37,3,1,1,8,31683,0
25.0,19996197.0,4432538,False,True,False,False,True,False,False,False,True,False,False,False,False,False,True,False,False,True,False,False,False,False,10,0,36,37,2,1,1,8,24499,0
24.0,20000794.0,4430718,True,False,False,False,True,False,False,False,True,False,False,False,False,False,True,False,False,True,False,False,False,False,10,10,36,37,2,1,1,8,28261,0
39.0,20008893.0,4410618,False,True,False,False,True,False,False,False,True,False,False,False,False,False,True,False,False,True,False,False,False,False,10,13,36,37,12,1,1,8,44992,0
47.0,19989238.0,4419505,False,True,False,False,True,False,False,False,True,False,False,False,False,False,True,False,False,True,False,False,False,False,10,2,36,37,2,1,1,8,29310,0
30.0,19985221.0,4409447,False,True,False,False,True,False,False,False,True,False,False,False,False,False,True,False,False,False,False,False,True,False,4,5,36,37,18,1,9,8,17212,0
9.0,20057414.0,4454884,False,True,False,False,True,False,False,False,True,False,False,False,False,False,True,False,False,False,False,False,True,False,10,8,36,37,4,1,4,8,42963,0
16.0,20075622.0,4463131,False,True,False,False,True,False,False,False,True,False,False,False,True,False,False,False,False,True,False,False,False,False,11,4,36,37,9,5,1,8,20133,0
29.0,19948318.0,4403854,True,False,False,False,True,False,False,False,True,False,False,False,False,False,True,False,False,False,False,False,True,False,10,4,36,37,2,1,2,8,6852,0
45.0,19991821.0,4424554,False,True,False,False,True,False,False,False,True,False,False,False,True,False,False,False,False,False,False,False,True,False,11,8,36,37,2,1,4,8,45415,0
39.0,0.0,4475473,False,True,False,False,False,False,True,False,False,False,True,False,False,True,False,False,False,False,False,False,False,True,10,2,4,31,2,1,7,2,3080,0
29.0,0.0,4435179,True,False,False,False,False,False,True,False,False,False,True,False,False,True,False,False,False,False,False,False,False,True,10,4,36,37,2,1,7,2,12016,0
60.0,19865015.0,4399628,True,False,False,False,True,False,False,False,True,False,False,False,False,False,True,False,False,True,False,False,False,False,10,8,36,37,18,1,1,8,22332,0
49.0,19847402.0,4391654,True,False,False,False,True,False,False,False,True,False,False,False,False,False,True,False,False,True,False,False,False,False,10,11,36,37,2,1,1,8,22144,0
39.0,19967284.0,4411494,False,True,False,False,True,False,False,False,True,False,False,False,False,False,True,False,False,True,False,False,False,False,10,1,36,37,2,1,1,8,37722,0
46.0,20013417.0,4435309,True,False,False,False,True,False,False,False,True,False,False,False,False,False,True,False,False,False,False,False,True,False,10,11,36,37,2,1,9,8,37769,0
63.0,0.0,4453552,True,False,False,False,False,False,True,False,False,True,False,False,False,True,False,False,False,False,False,False,False,True,10,8,36,37,0,1,7,0,9011,0
34.0,19985192.0,4409868,False,True,False,False,True,False,False,False,True,False,False,False,False,False,True,False,False,True,False,False,False,False,0,13,36,37,17,1,1,8,27375,0
25.0,19985668.0,4425087,False,True,False,False,True,False,False,False,True,False,False,False,False,False,True,False,False,False,False,False,True,False,15,8,36,37,17,1,0,8,12815,0
34.0,0.0,4466060,True,False,False,False,False,False,True,False,False,False,True,False,False,True,False,False,False,False,False,False,False,True,10,12,36,37,2,1,7,1,11016,0
28.0,20091954.0,4464981,False,True,False,True,False,False,False,False,True,False,False,False,False,False,True,False,False,True,False,False,False,False,15,5,36,37,2,1,7,8,33249,0
52.0,19981499.0,4406288,True,False,False,False,True,False,False,False,True,False,False,False,False,False,True,False,False,True,False,False,False,False,15,11,36,37,4,1,1,8,30984,0
28.0,20055581.0,4454395,True,False,False,False,True,False,False,False,True,False,False,False,False,False,True,False,False,True,False,False,False,False,9,8,36,37,2,1,1,8,42138,0
29.0,20043607.0,4448897,True,False,False,True,False,False,False,False,True,False,False,False,False,False,True,False,False,True,False,False,False,False,11,8,36,37,2,1,7,8,26153,0
15.0,19973429.0,4413410,True,False,False,True,False,False,False,False,True,False,False,False,False,False,True,False,False,True,False,False,False,False,7,9,36,37,2,1,7,8,21486,0
74.0,20082755.0,4466606,False,True,False,False,True,False,False,False,True,False,False,False,False,False,True,False,False,True,False,False,False,False,10,8,36,37,2,1,1,8,10422,0
25.0,19990825.0,4419874,False,True,False,False,True,False,False,False,True,False,False,False,False,False,True,False,False,True,False,False,False,False,10,2,36,37,18,1,1,8,24395,0
11.0,0.0,4416422,False,True,False,False,True,False,False,False,False,False,True,False,False,False,True,False,False,False,False,True,False,False,11,8,36,13,12,1,1,0,18092,0
28.0,19846124.0,4391104,False,True,False,False,True,False,False,False,True,False,False,False,False,False,True,False,False,True,False,False,False,False,9,1,36,37,17,7,1,8,35384,0
66.0,0.0,4469659,False,True,False,False,False,False,True,False,False,False,True,False,False,True,False,False,False,False,False,False,False,True,10,12,36,37,2,1,7,2,19413,0
35.0,20060336.0,4456378,False,True,False,True,False,False,False,False,True,False,False,False,False,False,True,False,False,True,False,False,False,False,11,9,36,37,2,1,7,8,23938,0
84.0,0.0,4469524,True,False,False,False,False,False,True,False,False,True,False,False,False,True,False,False,False,False,False,False,False,True,10,5,36,37,4,1,7,10,14814,0
27.0,20037640.0,4446089,True,False,False,False,True,False,False,False,True,False,False,False,False,False,True,False,False,True,False,False,False,False,10,11,36,37,12,1,1,8,1591,0
63.0,19960427.0,4407762,False,True,False,False,True,False,False,False,True,False,False,False,False,False,True,False,False,True,False,False,False,False,10,1,36,37,2,1,1,8,40474,0
57.0,19945729.0,4403213,True,False,False,False,True,False,False,False,True,False,False,False,False,False,True,False,False,True,False,False,False,False,10,11,36,37,2,1,1,8,36972,0
2.0,20021261.0,4438903,True,False,False,False,True,False,False,False,True,False,False,False,False,False,True,False,False,False,False,False,True,False,4,13,36,37,12,5,9,8,32098,0
26.0,20008004.0,4434519,False,True,False,True,False,False,False,False,True,False,False,False,False,False,True,False,False,True,False,False,False,False,15,8,36,37,9,1,7,8,38501,0
21.0,20007841.0,4429788,False,True,False,False,True,False,False,False,True,False,False,False,False,False,True,False,False,True,False,False,False,False,10,12,36,37,2,1,1,8,24693,0
41.0,20074351.0,4462731,True,False,False,False,True,False,False,False,True,False,False,False,False,False,True,False,False,False,False,False,True,False,10,11,36,37,2,1,2,8,1197,0
29.0,19946333.0,4416218,False,True,False,False,False,True,False,False,True,False,False,False,False,False,True,False,False,True,False,False,False,False,11,0,36,37,8,5,7,8,26269,0
33.0,19982499.0,4415528,False,True,False,False,True,False,False,False,True,False,False,False,False,False,True,False,False,True,False,False,False,False,6,12,36,37,2,1,1,8,41883,0
24.0,20020826.0,4438484,True,False,False,False,True,False,False,False,True,False,False,False,False,False,True,False,False,True,False,False,False,False,10,11,36,37,2,1,1,8,39675,0
38.0,19960161.0,4398743,False,True,False,False,True,False,False,False,True,False,False,False,False,False,True,False,False,False,False,False,True,False,10,11,36,37,2,1,2,8,1250,0
55.0,0.0,4476306,False,True,False,False,False,False,True,False,False,False,True,False,False,True,False,False,False,False,False,False,False,True,10,10,36,37,2,1,7,2,6241,0
57.0,0.0,4448422,True,False,False,False,False,False,True,False,False,False,True,False,False,True,False,False,False,False,False,False,False,True,10,5,36,37,2,1,7,1,42908,0
4.0,20074901.0,4462989,True,False,False,False,True,False,False,False,True,False,False,False,False,False,True,False,False,False,False,False,True,False,15,13,36,37,17,1,9,8,43482,0
13.0,19835393.0,4386220,False,True,False,False,True,False,False,False,True,False,False,False,False,False,True,False,False,False,False,False,True,False,10,5,36,37,2,1,9,8,42953,0
56.0,20031576.0,4443371,False,True,False,False,False,True,False,False,True,False,False,False,False,False,True,False,False,True,False,False,False,False,11,4,36,37,17,1,7,8,27352,0
23.0,20066101.0,4459013,False,True,False,False,True,False,False,False,True,False,False,False,False,False,True,False,False,False,False,False,True,False,15,11,36,37,2,1,2,8,40159,0
51.0,19865981.0,4400104,False,True,False,False,True,False,False,False,True,False,False,False,False,False,True,False,False,True,False,False,False,False,10,11,36,37,18,1,1,8,15981,0
49.0,19997935.0,4430195,True,False,False,False,True,False,False,False,True,False,False,False,False,False,True,False,False,True,False,False,False,False,9,12,36,37,12,1,1,8,38202,0
31.0,20029137.0,4442186,False,True,False,True,False,False,False,False,True,False,False,False,False,False,True,False,False,True,False,False,False,False,11,10,36,37,2,1,7,8,35489,0
42.0,19836533.0,4386943,False,True,False,False,True,False,False,False,True,False,False,False,False,False,True,False,False,True,False,False,False,False,10,11,36,37,2,1,1,8,19357,0
64.0,0.0,4402530,True,False,False,False,False,False,True,False,False,False,True,False,False,True,False,False,False,False,False,False,False,True,10,8,36,37,2,1,7,1,3507,0
70.0,20004880.0,4422554,False,True,False,False,True,False,False,False,True,False,False,False,False,False,True,False,False,True,False,False,False,False,10,11,36,37,2,1,1,8,5245,0
54.0,19860374.0,4397420,False,True,False,True,False,False,False,False,True,False,False,False,True,False,False,False,False,True,False,False,False,False,11,1,36,37,2,1,7,8,3594,0
56.0,19948632.0,4404094,False,True,False,False,True,False,False,False,True,False,False,False,False,False,True,False,False,True,False,False,False,False,10,8,36,37,2,1,1,8,38036,0
44.0,20034605.0,4444864,False,True,False,False,True,False,False,False,True,False,False,False,True,False,False,False,False,True,False,False,False,False,11,10,36,37,7,3,1,8,7863,0
28.0,20025269.0,4440345,False,True,False,False,False,True,False,False,True,False,False,False,False,False,False,True,False,True,False,False,False,False,7,10,36,37,4,1,7,8,9291,0
49.0,20053168.0,4453032,False,True,False,False,True,False,False,False,True,False,False,False,False,False,True,False,False,False,False,False,True,False,11,8,36,37,2,1,4,8,28017,0
25.0,19962701.0,4415694,False,True,False,False,True,False,False,False,True,False,False,False,False,False,True,False,False,True,False,False,False,False,15,10,36,37,2,1,1,8,12666,0
55.0,0.0,4472480,True,False,False,False,False,False,True,False,False,False,True,False,False,True,False,False,False,False,False,False,False,True,10,10,36,37,12,1,7,1,7806,0
28.0,20027658.0,4439118,False,True,False,False,True,False,False,False,True,False,False,False,False,False,True,False,False,True,False,False,False,False,10,10,36,37,2,1,1,8,4672,0
42.0,19985713.0,4411558,True,False,False,False,True,False,False,False,True,False,False,False,False,False,True,False,False,False,False,False,True,False,10,8,36,37,12,7,6,8,26959,0
27.0,19833562.0,4385714,False,True,False,False,True,False,False,False,True,False,False,False,False,False,True,False,False,False,False,False,True,False,9,7,36,37,9,1,2,8,20161,0
30.0,20064817.0,4458054,False,True,False,False,True,False,False,False,True,False,False,False,False,False,True,False,False,False,False,False,True,False,15,5,36,37,2,1,9,8,43034,0
26.0,19847089.0,4391915,True,False,False,False,True,False,False,False,True,False,False,False,False,False,True,False,False,True,False,False,False,False,15,10,36,37,2,1,1,8,10102,0
31.0,20030463.0,4442907,False,True,False,False,True,False,False,False,True,False,False,False,False,False,True,False,False,True,False,False,False,False,15,9,36,37,2,1,1,8,44451,0
28.0,20104708.0,4476300,False,True,False,False,True,False,False,False,True,False,False,False,False,False,True,False,False,True,False,False,False,False,11,8,36,37,2,1,1,8,32221,0
42.0,19981105.0,4408368,True,False,False,False,True,False,False,False,True,False,False,False,False,False,True,False,False,False,False,False,True,False,10,13,36,37,2,1,2,8,28239,0
32.0,20071702.0,4461134,False,True,False,False,True,False,False,False,True,False,False,False,False,False,True,False,False,False,False,False,True,False,15,12,36,37,2,1,9,8,6960,0
22.0,19847762.0,4392049,True,False,False,False,True,False,False,False,True,False,False,False,False,False,True,False,False,False,False,False,True,False,10,0,36,37,18,1,2,8,13786,0
23.0,0.0,4426183,True,False,False,False,False,False,True,False,False,False,True,False,False,True,False,False,False,False,False,False,False,True,10,1,36,37,0,1,7,1,7199,0
57.0,19995834.0,4416912,True,False,False,False,True,False,False,False,True,False,False,False,False,False,True,False,False,False,False,False,True,False,10,1,36,37,2,1,2,8,30897,0
25.0,20085769.0,4468313,True,False,False,False,True,False,False,False,True,False,False,False,False,False,True,False,False,False,False,False,True,False,9,1,36,37,2,1,2,8,13171,0
37.0,19835375.0,4386223,False,True,False,False,True,False,False,False,True,False,False,False,False,False,True,False,False,True,False,False,False,False,10,11,36,37,2,1,1,8,31448,0
65.0,20044251.0,4449659,False,True,False,True,False,False,False,False,True,False,False,False,False,False,True,False,False,True,False,False,False,False,11,8,36,37,14,1,7,8,692,0
33.0,19858760.0,4396671,False,True,False,True,False,False,False,False,True,False,False,False,False,False,True,False,False,True,False,False,False,False,7,10,36,37,4,1,7,8,37192,0
62.0,19861808.0,4398281,False,True,False,False,True,False,False,False,True,False,False,False,False,False,True,False,False,True,False,False,False,False,10,10,36,37,2,1,1,8,31088,0
28.0,20076132.0,4463541,False,True,False,True,False,False,False,False,True,False,False,False,False,False,True,False,False,True,False,False,False,False,7,4,36,37,9,1,7,8,26179,0
30.0,0.0,4401984,True,False,False,False,False,False,True,False,False,False,True,False,False,True,False,False,False,False,False,False,False,True,11,10,36,37,9,5,7,1,41123,0
28.0,0.0,4413129,False,True,False,False,False,False,True,False,False,False,True,False,False,True,False,False,False,False,False,False,False,True,10,12,36,37,2,1,7,2,21910,0
47.0,19853542.0,4394587,False,True,False,False,True,False,False,False,True,False,False,False,False,False,True,False,False,True,False,False,False,False,10,1,36,37,17,1,1,8,33772,0
30.0,0.0,4435251,True,False,False,False,False,False,True,False,False,False,True,False,False,True,False,False,False,False,False,False,False,True,10,11,36,37,2,1,7,1,9241,0
18.0,19989752.0,4434067,True,False,False,False,True,False,False,False,True,False,False,False,False,False,True,False,False,True,False,False,False,False,10,12,36,37,2,1,1,8,11467,0
34.0,19952900.0,4420097,True,False,False,False,True,False,False,False,True,False,False,False,False,False,True,False,False,False,False,False,True,False,15,8,36,37,4,1,9,8,26106,0
35.0,19965206.0,4408602,False,True,False,False,True,False,False,False,True,False,False,False,False,False,True,False,False,True,False,False,False,False,10,13,36,37,12,1,1,8,11304,0
59.0,19835011.0,4386366,True,False,False,False,True,False,False,False,True,False,False,False,False,False,True,False,False,False,False,False,True,False,11,8,36,37,2,1,2,8,20628,0
39.0,19833385.0,4385507,False,True,False,False,True,False,False,False,True,False,False,False,False,False,True,False,False,True,False,False,False,False,9,1,36,37,2,1,1,8,10755,0
69.0,19979291.0,4428632,False,True,False,False,True,False,False,False,True,False,False,False,False,False,True,False,False,False,False,False,True,False,10,1,36,37,2,1,4,8,9674,0
20.0,20035871.0,4445289,True,False,False,False,True,False,False,False,True,False,False,False,False,False,True,False,False,False,False,False,True,False,10,9,36,37,2,1,2,8,39283,0
23.0,20045707.0,4449931,True,False,False,False,True,False,False,False,True,False,False,False,False,False,True,False,False,False,False,False,True,False,15,11,36,37,2,1,2,8,18661,0
31.0,20090255.0,4469926,True,False,False,False,True,False,False,False,True,False,False,False,False,False,True,False,False,False,False,False,True,False,10,5,36,37,2,1,2,8,24399,0
35.0,20100119.0,4474465,True,False,False,False,True,False,False,False,True,False,False,False,False,False,True,False,False,True,False,False,False,False,10,1,36,37,2,1,1,8,39498,0
24.0,20077074.0,4463789,True,False,False,False,True,False,False,False,True,False,False,False,False,False,True,False,False,False,False,False,True,False,10,11,36,37,2,1,4,8,7049,0
34.0,0.0,4409228,True,False,False,False,False,False,True,False,False,False,True,False,False,True,False,False,False,False,False,False,False,True,10,4,36,37,2,1,7,1,30322,0
34.0,0.0,4407254,False,True,False,False,False,False,True,True,False,False,False,False,False,True,False,False,False,False,False,False,False,True,10,5,36,37,2,1,7,3,7534,0
52.0,20018972.0,4437779,True,False,False,False,True,False,False,False,True,False,False,False,False,False,True,False,False,True,False,False,False,False,9,10,36,37,2,1,1,8,3223,0
83.0,19992532.0,4432468,True,False,False,False,True,False,False,False,True,False,False,False,False,False,True,False,False,False,False,False,True,False,10,8,36,37,2,1,2,8,10562,0
59.0,20053327.0,4453246,False,True,False,False,True,False,False,False,True,False,False,False,False,False,True,False,False,True,False,False,False,False,11,7,36,37,2,1,1,8,35047,0
45.0,19990279.0,4411571,True,False,False,False,True,False,False,False,True,False,False,False,False,False,True,False,False,True,False,False,False,False,15,1,36,37,2,1,1,8,18235,0
55.0,19833099.0,4385363,False,True,False,False,True,False,False,False,True,False,False,False,False,False,True,False,False,True,False,False,False,False,3,10,36,37,12,1,1,8,21601,0
42.0,20086647.0,4468184,False,True,False,False,False,True,False,False,True,False,False,False,False,False,True,False,False,True,False,False,False,False,7,10,36,37,2,1,7,8,12442,0
28.0,19829739.0,4383841,True,False,False,False,True,False,False,False,True,False,False,False,False,False,True,False,False,False,False,False,True,False,10,11,36,37,2,1,2,8,20874,0
59.0,19992710.0,4423105,False,True,False,False,True,False,False,False,True,False,False,False,False,False,True,False,False,True,False,False,False,False,15,2,36,37,2,1,1,8,22213,0
57.0,19970148.0,4414642,True,False,False,False,True,False,False,False,True,False,False,False,False,False,True,False,False,True,False,False,False,False,15,12,36,37,17,5,1,8,12870,0
19.0,19985547.0,4434039,False,True,False,False,False,True,False,False,True,False,False,False,True,False,False,False,False,False,False,False,True,False,11,1,36,37,2,1,7,8,23703,0
49.0,19866415.0,4400301,True,False,False,False,True,False,False,False,True,False,False,False,False,False,True,False,False,False,False,False,True,False,10,9,36,37,2,1,4,8,44596,0
27.0,20030178.0,4442336,False,True,False,False,True,False,False,False,True,False,False,False,False,False,True,False,False,True,False,False,False,False,10,11,36,37,2,1,1,8,12151,0
50.0,0.0,4475687,True,False,False,False,False,False,True,False,False,False,True,False,False,True,False,False,False,False,False,False,False,True,10,10,36,37,7,1,7,2,21889,0
49.0,0.0,4384964,True,False,False,False,False,False,True,False,False,False,True,False,False,True,False,False,False,False,False,False,False,True,10,13,36,37,12,1,7,2,26379,0
22.0,20106352.0,4477484,True,False,False,False,True,False,False,False,True,False,False,False,False,False,True,False,False,False,False,False,True,False,10,0,36,37,12,1,2,8,18839,0
11.0,20061189.0,4456613,False,True,False,False,True,False,False,False,True,False,False,False,False,False,True,False,False,False,False,False,True,False,10,11,36,37,2,1,9,8,18118,0
57.0,20032337.0,4443694,False,True,False,False,True,False,False,False,True,False,False,False,False,False,True,False,False,True,False,False,False,False,6,8,36,37,9,5,1,8,1632,0
20.0,0.0,4466088,True,False,False,False,False,False,True,False,False,False,False,True,False,True,False,False,False,False,False,False,False,True,10,10,36,37,12,1,7,1,12122,0
31.0,20096421.0,4472811,True,False,False,False,True,False,False,False,True,False,False,False,False,False,True,False,False,False,False,False,True,False,11,9,36,37,12,1,2,8,20748,0
32.0,20060261.0,4456290,True,False,False,False,True,False,False,False,True,False,False,False,False,False,True,False,False,True,False,False,False,False,3,5,36,37,2,1,1,8,22489,0
31.0,19834431.0,4383460,False,True,False,False,True,False,False,False,True,False,False,False,False,False,True,False,False,True,False,False,False,False,10,10,36,37,2,1,1,8,4091,0
38.0,20102520.0,4473579,False,True,False,False,True,False,False,False,True,False,False,False,True,False,False,False,False,True,False,False,False,False,11,8,36,37,17,1,1,8,16082,0
20.0,20083950.0,4467013,False,True,False,False,True,False,False,False,True,False,False,False,False,False,True,False,False,False,False,False,True,False,15,8,36,37,2,1,0,8,6731,0
29.0,19837289.0,4387131,True,False,False,False,True,False,False,False,True,False,False,False,False,False,True,False,False,False,False,False,True,False,10,10,36,37,2,1,2,8,8453,0
36.0,20045282.0,4449593,False,True,False,False,True,False,False,False,True,False,False,False,False,False,True,False,False,True,False,False,False,False,10,8,36,37,9,1,1,8,38084,0
25.0,20083017.0,4466366,False,True,False,False,True,False,False,False,True,False,False,False,False,False,True,False,False,True,False,False,False,False,9,0,36,37,2,1,1,8,39744,0
41.0,19833322.0,4385358,False,True,False,False,True,False,False,False,True,False,False,False,False,False,True,False,False,True,False,False,False,False,9,8,36,37,3,1,1,8,40508,0
25.0,19826735.0,4382562,False,True,False,False,True,False,False,False,True,False,False,False,False,False,True,False,False,False,False,False,True,False,10,11,36,37,2,1,4,8,16856,0
33.0,20095854.0,4472726,False,True,False,True,False,False,False,False,True,False,False,False,True,False,False,False,False,True,False,False,False,False,15,10,36,37,2,1,7,8,1631,0
47.0,20047951.0,4450926,True,False,False,False,True,False,False,False,True,False,False,False,False,False,True,False,False,True,False,False,False,False,10,1,36,37,2,1,1,8,38012,0
21.0,19987724.0,4423356,True,False,False,False,True,False,False,False,True,False,False,False,False,False,True,False,False,True,False,False,False,False,15,0,36,37,2,1,1,8,3434,0
56.0,20016480.0,4436130,True,False,False,False,True,False,False,False,True,False,False,False,False,False,True,False,False,True,False,False,False,False,10,11,36,37,18,1,1,8,22972,0
31.0,20099037.0,4473840,False,True,False,False,True,False,False,False,True,False,False,False,False,False,True,False,False,True,False,False,False,False,10,5,36,37,3,1,1,8,11810,0
56.0,20018049.0,4437157,True,False,False,False,True,False,False,False,True,False,False,False,False,False,True,False,False,True,False,False,False,False,15,11,36,37,2,1,1,8,24170,0
40.0,0.0,4461005,True,False,False,False,False,False,True,False,False,False,True,False,False,True,False,False,False,False,False,False,False,True,10,13,36,37,17,7,7,0,14865,0
15.0,20004993.0,4431525,True,False,False,False,True,False,False,False,True,False,False,False,False,False,True,False,False,False,False,False,True,False,10,11,36,37,12,1,9,8,36161,0
32.0,20079331.0,4464893,False,True,False,False,True,False,False,False,True,False,False,False,False,False,True,False,False,True,False,False,False,False,9,1,36,37,2,1,1,8,30744,0
13.0,19991977.0,4410010,False,True,False,True,False,False,False,False,True,False,False,False,True,False,False,False,False,True,False,False,False,False,11,1,36,37,2,1,7,8,19513,0
37.0,0.0,4465624,False,True,False,False,False,False,True,False,False,False,True,False,False,True,False,False,False,False,False,False,False,True,10,5,36,37,2,1,7,1,35304,0
24.0,20007220.0,4430204,False,True,False,False,True,False,False,False,True,False,False,False,False,False,True,False,False,False,False,False,True,False,10,12,36,37,2,1,4,8,17050,0
35.0,20064744.0,4458046,False,True,False,False,True,False,False,False,True,False,False,False,False,False,True,False,False,True,False,False,False,False,10,12,36,37,2,1,1,8,6760,0
67.0,0.0,4387232,True,False,False,False,False,False,True,False,False,True,False,False,False,True,False,False,False,False,False,False,False,True,10,5,36,37,2,1,7,5,35338,0
8.0,19968161.0,4418215,False,True,False,False,True,False,False,False,True,False,False,False,False,False,True,False,False,False,False,False,True,False,10,8,36,37,12,1,9,8,31104,0
56.0,19973243.0,4408074,True,False,False,False,True,False,False,False,True,False,False,False,False,False,True,False,False,True,False,False,False,False,15,11,36,37,12,1,1,8,41499,0
18.0,0.0,4459872,False,True,False,False,False,False,True,False,False,False,True,False,False,True,False,False,False,False,False,False,False,True,10,4,36,33,2,1,7,0,25737,0
47.0,19999519.0,4419829,True,False,False,False,True,False,False,False,True,False,False,False,False,False,True,False,False,False,False,False,True,False,10,4,36,37,2,1,2,8,35354,0
31.0,19833562.0,4385714,False,True,False,False,True,False,False,False,True,False,False,False,False,False,True,False,False,True,False,False,False,False,9,11,36,37,2,1,2,8,41635,0
36.0,20070674.0,4460881,True,False,False,True,False,False,False,False,True,False,False,False,True,False,False,False,False,True,False,False,False,False,11,10,36,37,2,1,7,8,6331,0
36.0,19943484.0,4409574,True,False,False,False,True,False,False,False,True,False,False,False,False,False,True,False,False,True,False,False,False,False,9,11,36,37,2,1,1,8,17597,0
21.0,20058357.0,4455668,True,False,False,False,True,False,False,False,True,False,False,False,False,False,True,False,False,True,False,False,False,False,10,11,36,37,12,1,1,8,8946,0
53.0,19987387.0,4417990,False,True,False,False,True,False,False,False,True,False,False,False,False,False,True,False,False,False,False,False,True,False,9,13,36,37,2,1,6,8,37346,0
19.0,19999148.0,4421160,True,False,False,True,False,False,False,False,True,False,False,False,False,False,True,False,False,True,False,False,False,False,11,8,36,37,2,1,7,8,11877,0
36.0,19952950.0,4406714,False,True,False,False,True,False,False,False,True,False,False,False,False,False,True,False,False,True,False,False,False,False,10,4,36,37,4,1,1,8,10553,0
58.0,20032650.0,4444020,True,False,False,False,True,False,False,False,True,False,False,False,False,False,True,False,False,True,False,False,False,False,9,1,36,37,12,1,1,8,23219,0
34.0,19862171.0,4398235,False,False,True,False,True,False,False,False,True,False,False,False,False,False,True,False,False,True,False,False,False,False,9,11,36,37,2,1,1,8,24950,0
64.0,19968545.0,4413007,False,True,False,False,True,False,False,False,True,False,False,False,False,False,True,False,False,True,False,False,False,False,0,5,36,37,2,1,1,8,3820,0
20.0,20099967.0,4474388,True,False,False,False,False,True,False,False,True,False,False,False,True,False,False,False,False,True,False,False,False,False,15,8,36,37,2,1,7,8,24200,0
44.0,19946671.0,4404308,False,True,False,False,True,False,False,False,True,False,False,False,False,False,True,False,False,True,False,False,False,False,10,1,36,37,2,1,1,8,35303,0
40.0,19826717.0,4382554,True,False,False,False,True,False,False,False,True,False,False,False,False,False,True,False,False,True,False,False,False,False,3,5,36,37,2,1,1,8,11896,0
62.0,20030926.0,4443098,False,True,False,True,False,False,False,False,True,False,False,False,False,False,True,False,False,True,False,False,False,False,11,4,36,37,0,1,7,8,10520,0
33.0,20060217.0,4456131,False,True,False,False,True,False,False,False,True,False,False,False,False,False,True,False,False,True,False,False,False,False,10,1,36,37,2,1,1,8,11182,0
36.0,20104122.0,4476443,True,False,False,False,True,False,False,False,True,False,False,False,False,False,True,False,False,False,False,False,True,False,10,13,36,37,2,1,2,8,17335,0
80.0,20032972.0,4443948,True,False,False,False,True,False,False,False,True,False,False,False,False,False,True,False,False,False,False,False,True,False,15,5,36,37,2,1,2,8,23667,0
8.0,20021027.0,4435808,True,False,False,False,True,False,False,False,True,False,False,False,False,False,True,False,False,False,False,False,True,False,10,13,36,37,12,1,4,8,17501,0
22.0,20052964.0,4453073,False,True,False,False,True,False,False,False,True,False,False,False,False,False,True,False,False,True,False,False,False,False,10,1,36,37,2,1,1,8,5165,0
26.0,20062667.0,4457209,False,True,False,False,False,True,False,False,True,False,False,False,True,False,False,False,False,True,False,False,False,False,11,8,36,37,9,1,7,8,30460,0
64.0,20079690.0,4464887,False,True,False,False,True,False,False,False,True,False,False,False,False,False,True,False,False,False,False,False,True,False,9,11,36,37,4,1,2,8,23494,0
